0,9.835118000,12.292920000,2.391452000,24.519490000,4.610601000
1,13.603919000,13.896556000,3.840738000,31.341213000,5.168218000
2,8.668412000,12.491270000,3.121229000,24.280911000,3.974623000
3,7.710321000,12.002517000,3.075902000,22.788740000,4.301696000
4,7.542632000,13.863452000,3.910790000,25.316874000,4.557458000
5,8.329260000,12.385320000,3.638756000,24.353336000,4.702165000
6,7.572245000,22.639070000,3.491879000,33.703194000,8.061764000
7,8.086839000,13.642611000,4.020162000,25.749612000,5.424118000
8,15.051809000,18.189660000,3.947597000,37.189066000,8.016161000
9,8.881848000,14.333975000,5.791699000,29.007522000,5.095026000
10,10.023341000,12.730338000,3.799602000,26.553281000,5.227873000
11,7.412098000,34.674204000,3.857711000,45.944013000,14.379653000
12,7.278770000,12.988823000,4.575125000,24.842718000,5.739736000
13,7.203480000,12.549308000,4.459467000,24.212255000,5.152996000
14,7.341557000,21.963071000,4.136379000,33.441007000,8.668824000
15,7.920197000,23.527527000,4.643570000,36.091294000,10.138300000
16,9.114072000,12.905013000,4.946264000,26.965349000,5.187914000
17,7.311596000,21.722257000,4.362596000,33.396449000,8.798590000
18,9.534659000,10.363051000,4.131490000,24.029200000,4.460025000
19,6.978729000,21.663031000,4.552776000,33.194536000,8.375491000
20,6.683438000,12.369047000,4.192531000,23.245016000,4.996546000
21,6.614365000,10.735937000,4.730174000,22.080476000,4.645734000
22,7.366351000,13.482325000,5.143287000,25.991963000,5.920837000
23,8.298879000,11.781817000,4.506471000,24.587167000,4.852049000
24,11.867932000,11.090384000,4.376844000,27.335160000,4.661100000
25,9.463210000,10.803334000,4.690852000,24.957396000,4.543693000
26,8.708989000,9.709263000,4.588255000,23.006507000,4.259580000
27,10.223368000,9.123709000,4.501791000,23.848868000,3.760354000
28,8.762907000,10.309203000,4.492223000,23.564333000,4.364480000
29,7.825560000,10.457408000,4.685474000,22.968442000,4.549564000
30,6.297004000,18.338073000,4.799806000,29.434883000,7.438991000
31,9.523205000,17.583084000,5.215644000,32.321933000,6.978865000
32,9.646335000,15.413100000,5.099287000,30.158722000,5.855190000
33,5.920487000,9.745441000,4.465893000,20.131821000,3.642455000
34,8.554779000,10.520824000,4.786326000,23.861929000,4.360639000
35,9.192224000,8.924939000,5.705654000,23.822817000,3.627300000
36,6.640975000,9.709752000,4.641265000,20.991992000,3.952552000
37,11.269878000,7.432072000,5.038036000,23.739986000,2.944180000
38,7.467971000,8.044236000,5.058360000,20.570567000,3.022188000
39,7.961263000,7.065961000,5.221790000,20.249014000,2.560469000
40,6.946183000,8.238745000,5.910010000,21.094938000,3.053761000
41,5.563316000,13.338521000,4.359314000,23.261151000,4.632043000
42,5.984252000,6.627425000,5.061014000,17.672691000,2.088126000
43,4.861127000,9.659046000,5.134557000,19.654730000,2.720266000
44,4.849533000,6.048227000,4.989426000,15.887186000,1.890200000
45,6.073719000,6.823960000,5.286324000,18.184003000,2.062495000
46,8.259208000,6.429563000,4.998087000,19.686858000,2.039030000
47,7.111987000,6.168425000,6.164654000,19.445066000,1.915410000
48,12.272456000,13.282997000,5.150271000,30.705724000,3.763769000
49,6.117022000,10.892383000,4.911412000,21.920817000,3.017724000
50,4.306304000,12.226989000,5.541805000,22.075098000,3.438170000
51,8.027822000,5.882144000,4.999973000,18.909939000,1.586249000
52,6.550390000,6.074628000,4.962257000,17.587275000,1.689477000
53,5.137421000,13.298291000,4.730592000,23.166304000,4.080019000
54,3.878174000,6.558422000,4.531614000,14.968210000,2.100420000
55,6.262712000,6.556745000,5.642027000,18.461484000,1.681093000
56,8.902312000,6.311601000,5.770676000,20.984589000,1.665589000
57,4.336895000,7.453443000,5.404705000,17.195043000,1.902559000
58,4.598033000,7.248039000,4.965331000,16.811403000,1.878674000
59,3.840529000,7.596479000,5.601310000,17.038318000,1.990489000
60,4.065419000,12.534641000,7.203620000,23.803680000,3.368395000
61,5.023579000,8.116871000,5.045719000,18.186169000,2.057679000
62,4.134004000,6.519939000,5.268654000,15.922597000,1.690377000
63,10.151152000,6.204603000,5.223116000,21.578871000,1.668034000
64,9.658139000,6.046202000,5.146011000,20.850352000,1.564733000
65,7.931161000,7.648302000,4.026937000,19.606400000,1.986999000
66,9.388969000,5.115979000,4.125484000,18.630432000,1.443559000
67,5.061782000,6.560517000,3.896961000,15.519260000,1.789490000
68,5.811603000,6.339467000,4.101877000,16.252947000,1.665589000
69,6.577488000,6.126590000,3.810777000,16.514855000,1.736477000
70,9.565459000,5.173390000,3.932581000,18.671430000,1.549720000
71,8.993524000,5.757476000,4.243377000,18.994377000,1.722299000
72,8.796222000,6.638809000,4.062696000,19.497727000,1.783416000
73,10.309483000,6.301194000,5.631411000,22.242088000,1.545180000
74,4.623316000,5.756637000,5.215783000,15.595736000,1.606708000
75,7.364395000,5.996265000,4.156353000,17.517013000,1.614461000
76,3.312316000,5.302945000,3.905412000,12.520673000,1.500415000
77,3.789195000,6.908049000,4.607531000,15.304775000,1.731936000
78,9.610506000,7.314878000,4.448082000,21.373466000,1.828949000
79,3.603207000,7.108146000,4.506540000,15.217893000,1.699389000
80,5.950658000,11.665181000,4.434463000,22.050302000,2.897176000
81,9.002953000,5.389550000,3.907997000,18.300500000,1.543364000
82,4.569119000,6.868030000,3.855755000,15.292904000,1.749323000
83,5.416998000,10.889100000,3.848211000,20.154309000,3.000615000
84,5.621005000,7.314528000,3.485732000,16.421265000,1.736474000
85,5.278152000,6.063802000,3.427345000,14.769299000,1.570955000
86,6.972443000,6.755235000,4.035108000,17.762786000,2.042941000
87,3.731995000,6.366985000,3.943476000,14.042456000,1.676619000
88,5.070652000,5.808111000,3.807215000,14.685978000,1.550837000
89,3.439847000,7.583000000,3.739328000,14.762175000,1.948241000
90,9.759060000,5.941299000,3.142181000,18.842540000,1.544552000
91,3.717049000,12.826580000,4.010454000,20.554083000,3.177032000
92,9.003511000,5.448426000,3.190512000,17.642449000,1.522206000
93,9.086903000,5.862169000,3.282842000,18.231914000,1.590718000
94,3.497536000,7.372846000,3.716490000,14.586872000,1.864847000
95,6.334578000,5.553468000,3.237515000,15.125561000,1.653711000
96,7.862576000,5.593767000,3.059139000,16.515482000,1.562989000
97,6.255448000,15.914494000,4.360570000,26.530512000,6.385846000
98,4.550889000,6.386541000,3.765100000,14.702530000,1.773358000
99,8.706125000,5.237294000,3.284867000,17.228286000,1.615996000
100,9.550233000,8.092217000,2.797652000,20.440102000,2.124372000
101,3.435167000,5.745882000,2.876782000,12.057831000,2.232137000
102,9.208218000,4.976575000,2.967018000,17.151811000,1.437696000
103,3.734020000,5.847432000,2.899062000,12.480514000,1.610971000
104,6.234984000,9.660444000,3.121369000,19.016797000,2.684646000
105,10.009722000,5.508350000,2.953818000,18.471890000,1.434972000
106,3.231858000,5.499550000,3.095527000,11.826935000,1.562640000
107,7.197683000,5.050537000,2.785918000,15.034138000,1.424630000
108,8.046400000,5.597748000,2.556278000,16.200426000,1.990493000
109,4.088049000,8.576848000,3.662502000,16.327399000,2.370575000
110,5.696853000,6.597044000,2.965691000,15.259588000,2.222364000
111,3.693861000,12.457746000,2.945717000,19.097324000,3.396199000
112,7.022101000,6.632594000,2.679410000,16.334105000,1.649805000
113,6.460293000,5.323199000,2.813436000,14.596928000,1.489798000
114,3.295344000,6.099212000,2.857436000,12.251992000,1.520737000
115,5.654319000,5.634345000,2.723200000,14.011864000,1.583308000
116,6.184908000,10.799493000,2.744991000,19.729392000,3.049220000
117,6.551856000,6.306432000,3.002917000,15.861205000,1.806386000
118,3.184645000,9.766533000,2.758261000,15.709439000,2.776424000
119,3.509339000,5.020994000,2.737239000,11.267572000,1.418066000
120,4.839336000,5.279129000,2.940478000,13.058943000,1.539315000
121,3.328380000,5.709425000,3.938237000,12.976042000,1.474431000
122,5.209917000,9.798311000,3.344093000,18.352321000,2.941808000
123,4.352399000,5.711380000,2.710489000,12.774268000,1.695760000
124,3.403808000,5.807622000,3.194702000,12.406132000,1.476035000
125,3.424202000,4.977553000,2.672984000,11.074739000,1.429027000
126,2.883976000,5.365314000,2.658806000,10.908096000,1.442931000
127,7.270877000,5.264742000,3.849189000,16.384808000,1.520100000
128,9.173855000,6.367404000,2.536862000,18.078121000,1.710210000
129,3.467643000,6.619882000,2.637923000,12.725448000,1.748492000
130,8.982000000,10.346778000,2.673962000,22.002740000,2.929163000
131,9.252707000,7.171702000,2.613059000,19.037468000,2.042170000
132,6.277866000,6.976144000,2.878040000,16.132050000,1.768320000
133,7.266057000,6.630986000,3.648185000,17.545228000,2.237661000
134,3.947248000,5.932569000,2.504456000,12.384273000,1.506140000
135,5.386057000,7.260051000,2.359115000,15.005223000,1.938178000
136,3.506825000,4.812377000,3.344583000,11.663785000,1.396975000
137,8.779808000,6.158996000,3.917285000,18.856089000,1.678368000
138,8.576848000,5.203351000,2.524151000,16.304350000,1.543847000
139,3.515276000,5.839749000,2.263921000,11.618946000,1.543994000
140,9.496036000,5.357143000,2.304290000,17.157469000,1.513750000
141,6.260057000,6.607939000,2.497402000,15.365398000,2.034771000
142,8.851675000,5.432502000,2.328874000,16.613051000,1.493776000
143,3.472462000,7.564491000,3.125698000,14.162651000,1.930568000
144,3.397034000,5.844638000,3.078346000,12.320018000,1.526529000
145,4.879216000,5.314330000,2.596997000,12.790543000,1.540782000
146,7.936399000,10.182231000,2.700501000,20.819131000,2.749390000
147,5.336819000,6.862862000,3.072898000,15.272579000,1.855974000
148,4.554731000,5.689241000,2.699664000,12.943636000,1.456339000
149,2.958218000,5.572185000,3.493555000,12.023958000,1.398304000
150,6.340655000,5.308743000,3.005501000,14.654899000,1.540779000
151,4.075616000,12.744445000,2.841303000,19.661364000,3.310223000
152,2.924554000,10.023970000,3.374893000,16.323417000,2.729626000
153,3.401085000,12.285795000,2.988669000,18.675549000,3.095245000
154,3.817272000,6.242527000,2.902414000,12.962213000,1.622215000
155,5.354977000,5.304691000,4.448781000,15.108449000,1.767200000
156,5.182678000,7.800347000,3.005850000,15.988875000,2.128845000
157,8.227569000,7.059675000,3.053343000,18.340587000,1.742972000
158,3.246874000,6.808525000,3.407021000,13.462420000,1.700507000
159,4.010733000,6.511557000,3.620597000,14.142887000,1.780617000
160,3.563816000,5.897438000,3.212791000,12.674045000,1.508726000
161,3.513739000,11.000078000,2.846959000,17.360776000,2.816297000
162,7.105422000,9.085645000,2.799049000,18.990116000,2.283339000
163,3.794293000,10.181812000,2.617949000,16.594054000,2.742338000
164,3.102650000,5.244558000,2.488671000,10.835879000,1.421699000
165,4.097617000,6.027973000,2.975748000,13.101338000,1.579960000
166,3.426786000,4.655792000,2.271813000,10.354391000,1.195199000
167,4.869019000,5.884239000,2.270835000,13.024093000,1.512840000
168,3.285286000,5.958899000,2.395642000,11.639827000,1.539522000
169,7.023986000,4.884872000,1.919951000,13.828809000,1.400889000
170,6.077001000,6.002691000,2.503548000,14.583240000,1.513540000
171,6.077910000,5.814467000,1.967722000,13.860099000,1.506559000
172,5.165567000,5.246583000,1.883912000,12.296062000,1.434272000
173,7.716957000,4.939419000,2.097627000,14.754003000,1.362615000
174,3.382018000,5.990538000,1.952426000,11.324982000,1.658809000
175,3.687436000,8.889530000,1.816515000,14.393481000,2.317280000
176,3.168023000,7.491297000,2.588685000,13.248005000,1.945579000
177,3.562489000,7.063866000,2.190727000,12.817082000,1.869387000
178,7.061002000,5.575328000,1.962693000,14.599023000,1.558523000
179,5.284786000,6.168774000,2.071157000,13.524717000,1.591210000
180,4.035877000,7.386395000,1.983716000,13.405988000,2.051321000
181,5.950378000,12.095546000,1.902211000,19.948135000,3.364419000
182,3.984752000,5.299663000,1.985741000,11.270156000,1.406754000
183,3.878662000,6.015890000,2.179272000,12.073824000,1.561522000
184,3.201826000,5.660675000,2.220758000,11.083259000,1.419114000
185,3.359040000,5.784365000,1.991189000,11.134594000,1.532747000
186,3.921615000,4.975458000,2.170124000,11.067197000,1.455988000
187,3.829773000,5.852810000,2.241641000,11.924224000,1.651411000
188,3.045869000,4.418190000,1.962484000,9.426543000,1.231383000
189,3.079324000,5.826479000,2.066897000,10.972700000,1.551675000
190,7.840017000,5.790721000,2.180740000,15.811478000,1.616627000
191,7.628606000,5.820542000,2.279356000,15.728504000,1.610477000
192,7.172121000,4.808256000,3.332570000,15.312947000,1.362052000
193,7.638594000,9.671548000,1.949842000,19.259984000,2.654476000
194,5.172411000,6.607450000,2.743315000,14.523176000,1.768813000
195,3.467294000,4.605017000,2.244086000,10.316397000,1.224466000
196,8.204522000,6.544103000,2.106288000,16.854913000,1.776356000
197,4.828510000,5.997242000,2.318048000,13.143800000,1.569974000
198,2.666000000,5.220812000,2.837182000,10.723994000,1.414923000
199,3.334595000,7.690556000,3.424481000,14.449632000,1.773075000
200,8.643966000,6.008696000,2.386842000,17.039504000,1.937548000
201,3.250575000,6.044106000,2.329083000,11.623764000,1.806736000
202,6.929351000,6.234076000,2.567384000,15.730811000,1.830758000
203,3.792128000,5.916016000,2.483783000,12.191927000,1.680179000
204,3.838155000,6.622326000,2.822166000,13.282647000,1.740040000
205,7.667438000,15.227251000,2.246112000,25.140801000,4.355339000
206,8.782183000,5.393251000,2.634990000,16.810424000,1.821403000
207,4.045026000,7.290852000,2.772857000,14.108735000,2.403676000
208,4.138194000,5.270120000,2.641904000,12.050218000,1.331254000
209,8.262979000,10.982756000,2.446488000,21.692223000,3.004584000
210,6.002759000,4.814123000,3.239051000,14.055933000,1.316658000
211,8.122108000,5.030633000,2.472748000,15.625489000,1.341308000
212,8.306769000,6.496820000,2.681854000,17.485443000,1.696595000
213,3.454234000,6.888423000,4.001723000,14.344380000,1.654411000
214,4.606343000,9.415926000,3.909533000,17.931802000,3.207064000
215,3.471485000,5.753355000,2.654685000,11.879525000,1.676065000
216,7.411957000,5.537963000,2.766921000,15.716841000,1.481485000
217,6.208933000,6.187841000,3.508641000,15.905415000,1.691360000
218,8.525654000,5.196716000,3.745684000,17.468054000,1.410314000
219,3.296881000,5.778917000,3.869233000,12.945031000,1.674313000
220,7.418802000,5.245675000,2.609288000,15.273765000,1.858843000
221,3.415542000,4.984187000,2.338233000,10.737962000,1.364993000
222,2.808616000,4.739462000,3.910161000,11.458239000,1.369734000
223,3.332988000,7.894703000,2.149660000,13.377351000,2.104960000
224,3.440405000,6.428585000,3.205667000,13.074657000,2.042103000
225,6.504852000,5.114722000,2.229698000,13.849272000,1.616835000
226,7.925643000,6.480547000,2.188003000,16.594193000,1.973169000
227,8.704728000,6.927255000,2.072973000,17.704956000,2.031980000
228,3.739398000,6.322356000,1.969049000,12.030803000,1.638906000
229,8.919771000,5.180373000,1.923442000,16.023586000,1.593303000
230,2.834249000,5.349111000,2.856598000,11.039958000,1.497482000
231,8.310331000,5.850296000,1.942160000,16.102787000,1.440836000
232,6.486205000,7.181619000,1.768184000,15.436008000,1.853184000
233,3.141692000,5.598027000,2.532812000,11.272531000,1.396137000
234,5.337238000,7.132450000,1.742692000,14.212380000,1.896205000
235,8.113447000,5.785064000,1.736127000,15.634638000,1.708890000
236,9.386035000,5.711100000,1.759663000,16.856798000,1.527091000
237,7.762143000,7.080628000,1.889080000,16.731851000,1.840752000
238,3.288150000,5.184773000,2.001664000,10.474587000,1.418558000
239,3.983495000,5.186240000,1.898997000,11.068732000,1.347943000
240,8.419424000,7.113733000,1.896763000,17.429920000,1.741294000
241,9.232662000,4.516946000,2.091132000,15.840740000,1.320496000
242,7.932837000,5.262088000,1.807365000,15.002290000,1.541124000
243,3.473580000,10.016705000,1.864915000,15.355200000,2.844377000
244,8.589140000,5.061363000,2.334531000,15.985034000,1.328460000
245,7.386326000,5.463930000,2.394175000,15.244431000,1.375881000
246,4.983628000,7.481938000,2.621581000,15.087147000,1.832650000
247,7.436542000,4.904987000,1.950331000,14.291860000,1.592534000
248,9.035079000,6.880392000,2.078630000,17.994101000,2.211891000
249,2.981475000,6.498776000,2.832223000,12.312474000,1.897743000
250,9.285463000,5.797704000,1.886356000,16.969523000,1.691989000
251,4.178772000,6.849172000,1.975823000,13.003767000,1.796469000
252,6.234006000,5.231148000,1.962903000,13.428057000,1.377913000
253,8.228198000,5.417416000,2.089596000,15.735210000,1.507113000
254,4.774662000,5.918600000,1.853460000,12.546722000,1.614182000
255,8.279741000,11.397617000,2.329013000,22.006371000,3.261606000
256,8.542765000,4.767887000,2.273908000,15.584560000,1.265398000
257,6.535862000,11.920103000,2.374131000,20.830096000,3.072478000
258,3.044193000,6.561913000,3.022472000,12.628578000,1.606781000
259,3.645111000,5.609620000,2.688978000,11.943709000,1.429939000
260,3.532177000,6.231072000,3.929577000,13.692826000,1.518359000
261,3.225781000,5.020226000,2.536304000,10.782311000,1.376300000
262,5.011496000,10.877365000,2.276911000,18.165772000,2.994045000
263,3.466945000,12.243820000,3.513459000,19.224224000,3.031414000
264,3.147489000,5.470705000,2.413731000,11.031925000,1.466467000
265,3.249038000,5.237713000,2.250790000,10.737541000,1.523671000
266,6.870055000,4.879843000,2.179203000,13.929101000,1.312397000
267,6.313695000,5.420139000,2.351014000,14.084848000,1.435739000
268,3.461009000,5.208589000,2.235216000,10.904814000,1.350392000
269,3.622203000,7.055554000,2.678711000,13.356468000,3.011579000
270,8.656188000,5.212850000,2.401089000,16.270127000,1.468285000
271,3.999070000,7.440313000,2.913728000,14.353111000,1.752332000
272,7.786449000,6.046062000,2.255470000,16.087981000,1.732916000
273,8.975924000,4.442146000,2.426931000,15.845001000,1.228095000
274,5.645380000,5.642516000,2.696380000,13.984276000,1.868896000
275,8.164712000,5.893877000,2.663905000,16.722494000,1.515912000
276,4.562483000,5.576795000,2.511859000,12.651137000,1.441956000
277,4.495854000,5.277173000,2.765524000,12.538551000,1.319656000
278,3.293039000,5.057242000,2.355972000,10.706253000,1.317631000
279,7.980538000,4.883476000,2.171101000,15.035115000,1.395577000
280,4.946961000,10.858369000,2.463180000,18.268510000,2.754631000
281,3.954231000,10.086267000,2.271813000,16.312311000,2.703858000
282,4.832282000,5.802174000,2.192123000,12.826579000,1.451667000
283,3.622692000,5.996404000,2.104681000,11.723777000,1.467518000
284,3.838014000,7.028665000,3.335642000,14.202321000,1.580095000
285,5.263624000,5.545366000,2.234518000,13.043508000,1.349903000
286,4.598731000,9.780989000,2.004738000,16.384458000,2.453400000
287,4.594750000,5.838841000,2.104332000,12.537923000,1.445233000
288,7.216680000,4.832631000,1.903956000,13.953267000,1.292775000
289,3.239959000,5.807063000,1.988395000,11.035417000,1.430429000
290,9.176439000,6.620441000,2.691841000,18.488721000,1.635418000
291,3.164181000,5.276685000,2.720336000,11.161202000,1.277407000
292,2.813156000,5.365314000,2.363724000,10.542194000,1.291233000
293,2.824540000,4.378450000,1.828108000,9.031098000,1.146455000
294,2.321330000,4.465473000,1.988186000,8.774989000,1.230054000
295,2.602234000,5.778148000,2.796115000,11.176497000,2.017031000
296,3.212930000,11.105887000,2.638692000,16.957509000,2.812458000
297,2.889493000,5.194761000,2.503338000,10.587592000,1.278313000
298,2.517866000,4.492013000,1.725999000,8.735878000,1.220134000
299,2.997399000,5.215713000,2.052370000,10.265482000,1.328461000
300,4.070797000,9.255570000,1.808412000,15.134779000,2.626263000
301,3.248969000,5.240577000,1.915200000,10.404746000,1.330419000
302,6.789317000,4.302532000,1.944813000,13.036662000,1.202883000
303,3.503403000,5.441022000,2.010326000,10.954751000,1.510605000
304,3.048314000,4.796662000,1.740038000,9.585014000,1.329722000
305,7.031878000,6.185885000,2.462760000,15.680523000,1.607964000
306,6.939896000,4.407294000,1.610132000,12.957322000,1.205681000
307,6.233167000,4.768516000,2.551040000,13.552723000,1.375045000
308,3.402062000,5.591531000,1.944325000,10.937918000,1.573540000
309,7.972367000,4.772218000,1.741853000,14.486438000,1.304574000
310,7.154799000,4.547048000,1.811276000,13.513123000,1.304716000
311,7.953649000,4.298062000,2.027157000,14.278868000,1.237387000
312,3.179476000,4.379987000,1.891176000,9.450639000,1.429451000
313,3.039234000,5.598236000,3.397592000,12.035062000,1.434130000
314,8.624060000,4.593842000,1.939575000,15.157477000,1.376861000
315,6.184349000,4.456393000,2.073392000,12.714134000,1.248420000
316,7.546612000,4.251757000,2.114390000,13.912759000,1.248773000
317,4.802948000,4.622058000,1.887194000,11.312200000,1.268816000
318,2.850033000,5.243859000,2.340817000,10.434709000,1.350043000
319,7.667299000,5.665493000,2.016122000,15.348914000,1.625775000
320,4.042860000,6.007858000,2.134783000,12.185501000,1.543365000
321,4.483352000,4.791633000,2.199946000,11.474931000,1.228514000
322,3.854218000,4.664801000,2.105799000,10.624818000,1.256172000
323,5.229960000,4.742535000,2.216079000,12.188574000,1.303949000
324,5.560521000,4.562971000,2.210213000,12.333705000,1.277476000
325,7.856849000,7.609679000,2.525828000,17.992356000,1.875533000
326,7.522656000,5.257757000,3.028129000,15.808542000,1.541407000
327,3.413307000,6.468953000,2.960174000,12.842434000,1.928539000
328,3.787239000,5.699647000,3.337178000,12.824064000,1.506696000
329,5.285694000,6.680084000,2.541682000,14.507460000,1.905145000
330,3.448646000,6.267949000,2.991811000,12.708406000,1.766924000
331,4.212017000,4.989216000,2.389356000,11.590589000,1.950748000
332,7.188463000,9.542550000,2.218942000,18.949955000,2.598258000
333,2.913239000,5.003743000,3.615149000,11.532131000,1.248910000
334,6.095858000,10.299634000,2.279565000,18.675057000,2.705947000
335,3.583441000,6.408191000,2.222575000,12.214207000,1.595885000
336,6.631266000,8.333170000,3.288150000,18.252586000,2.369314000
337,7.046195000,4.950174000,2.014726000,14.011095000,1.484702000
338,2.999634000,5.367339000,2.226695000,10.593668000,1.411856000
339,5.770396000,5.521550000,2.223412000,13.515358000,1.390132000
340,6.550249000,4.996689000,1.915899000,13.462837000,1.372523000
341,3.167534000,8.425570000,2.038681000,13.631785000,2.185489000
342,7.249924000,5.664027000,2.192822000,15.106773000,1.399278000
343,3.231438000,11.758280000,2.523663000,17.513381000,2.785360000
344,4.045933000,6.290857000,2.125494000,12.462284000,1.415067000
345,3.750293000,4.745538000,1.657694000,10.153525000,1.322102000
346,7.976557000,5.894993000,1.595186000,15.466736000,1.549228000
347,6.469093000,5.401632000,2.125494000,13.996219000,1.314911000
348,6.263618000,5.598935000,1.595604000,13.458157000,1.578704000
349,3.333547000,5.038804000,1.703301000,10.075652000,1.388876000
350,3.979654000,4.958905000,2.264410000,11.202969000,1.266583000
351,6.086919000,9.192153000,1.724183000,17.003255000,2.599025000
352,3.890745000,8.553311000,1.731656000,14.175712000,2.109921000
353,3.664318000,5.435016000,1.617046000,10.716380000,1.348639000
354,3.659359000,7.694885000,1.843613000,13.197857000,1.979381000
355,7.690696000,6.674079000,1.808343000,16.173118000,1.713147000
356,2.756934000,4.574705000,1.758546000,9.090185000,1.175506000
357,6.730441000,9.330509000,1.697015000,17.757965000,2.440900000
358,4.165921000,5.652992000,1.911639000,11.730552000,1.396556000
359,3.341859000,7.712137000,1.960388000,13.014384000,2.027363000
360,2.925182000,4.936416000,2.007182000,9.868780000,1.285159000
361,5.915317000,4.850021000,1.828457000,12.593795000,1.265674000
362,8.023072000,4.435999000,1.816514000,14.275585000,1.184656000
363,6.479639000,5.526718000,1.815606000,13.821963000,1.494196000
364,3.102161000,5.036149000,1.911359000,10.049669000,1.299758000
365,3.500888000,8.802017000,2.521916000,14.824821000,2.162859000
366,6.201948000,4.182404000,1.984693000,12.369045000,1.189195000
367,4.007939000,5.277593000,2.476379000,11.761911000,1.315959000
368,3.132263000,6.292464000,2.625142000,12.049869000,1.572139000
369,3.199031000,11.054274000,2.183183000,16.436488000,2.888860000
370,7.082583000,6.998843000,2.339141000,16.420567000,1.808901000
371,4.623245000,5.981528000,2.101469000,12.706242000,1.540988000
372,8.024468000,6.504293000,2.477567000,17.006328000,1.663982000
373,2.608659000,5.103826000,2.375318000,10.087803000,1.214550000
374,5.876206000,4.510311000,2.414849000,12.801366000,1.235498000
375,8.128463000,4.853304000,2.564170000,15.545937000,1.270980000
376,7.306565000,4.883405000,3.130517000,15.320487000,1.243746000
377,6.992557000,10.653801000,2.510322000,20.156680000,4.140429000
378,3.224385000,5.382565000,2.516608000,11.123558000,1.292493000
379,3.596083000,7.531875000,3.919310000,15.047268000,2.290601000
380,7.311105000,4.758389000,2.920364000,14.989858000,1.220621000
381,4.442076000,6.968182000,2.455706000,13.865964000,1.979172000
382,8.354121000,10.988343000,2.634781000,21.977245000,2.736958000
383,6.558211000,5.425028000,2.294651000,14.277890000,1.351576000
384,7.505475000,6.272907000,2.156294000,15.934676000,1.548464000
385,7.662689000,9.858304000,2.140649000,19.661642000,2.496916000
386,3.927412000,14.462063000,2.350454000,20.739929000,3.955342000
387,7.732600000,4.396469000,2.056770000,14.185839000,1.163280000
388,7.624764000,5.728840000,2.198897000,15.552501000,1.586665000
389,5.013381000,7.392960000,2.429725000,14.836066000,1.826151000
390,7.155009000,5.602916000,1.908845000,14.666770000,1.425821000
391,8.112679000,5.752936000,1.831320000,15.696935000,1.488396000
392,3.504939000,11.254091000,2.084357000,16.843387000,2.676966000
393,3.231648000,6.282406000,2.865398000,12.379452000,1.559149000
394,5.978175000,9.088298000,2.564030000,17.630503000,2.070600000
395,6.103401000,5.298265000,1.985601000,13.387267000,1.314075000
396,8.369906000,3.982447000,1.486372000,13.838725000,1.082340000
397,4.349326000,5.436971000,1.942509000,11.728806000,1.410040000
398,2.704203000,9.174832000,2.098186000,13.977221000,2.416313000
399,3.020097000,5.047674000,1.909265000,9.977036000,1.246048000
400,2.263292000,4.629601000,2.004948000,8.897841000,1.148062000
401,5.305319000,9.681395000,1.903257000,16.889971000,2.532177000
402,3.627860000,6.226882000,2.071507000,11.926249000,1.555724000
403,6.785546000,6.731977000,1.851505000,15.369028000,1.673690000
404,3.935653000,5.505556000,2.285572000,11.726781000,1.470241000
405,2.778025000,5.182468000,1.920089000,9.880582000,1.183189000
406,6.709488000,4.877050000,1.723905000,13.310443000,1.297307000
407,3.777531000,7.925991000,1.772025000,13.475547000,1.989787000
408,2.295698000,4.357078000,1.513261000,8.166037000,1.181231000
409,7.026220000,5.948143000,1.648475000,14.622838000,1.639187000
410,7.584745000,6.940176000,1.653643000,16.178564000,1.786131000
411,8.349931000,5.257758000,1.525134000,15.132823000,1.352206000
412,4.406666000,5.692453000,1.692475000,11.791594000,1.539873000
413,3.036859000,9.518454000,1.864146000,14.419459000,2.373368000
414,2.813784000,4.668921000,1.610482000,9.093187000,1.197713000
415,4.790236000,5.803571000,1.885936000,12.479743000,1.451453000
416,3.543142000,5.519594000,1.621516000,10.684252000,1.477853000
417,4.809932000,4.631137000,1.669218000,11.110287000,1.189125000
418,4.967914000,5.215643000,2.136878000,12.320435000,1.304292000
419,5.721227000,3.831100000,1.511865000,11.064192000,1.074659000
420,7.438706000,4.869507000,1.585059000,13.893272000,1.336634000
421,7.488852000,4.610813000,1.562430000,13.662095000,1.324760000
422,8.476694000,4.720185000,1.604474000,14.801353000,1.503067000
423,7.465176000,5.081547000,1.671592000,14.218315000,1.406197000
424,2.886630000,4.656560000,1.599865000,9.143055000,1.141149000
425,4.308328000,9.345106000,1.615300000,15.268734000,2.430140000
426,3.845697000,4.259299000,1.776286000,9.881282000,1.196039000
427,7.393938000,6.097115000,1.540989000,15.032042000,1.587430000
428,3.384462000,4.440818000,1.551814000,9.377094000,1.221952000
429,6.662415000,5.784434000,1.684164000,14.131013000,1.463188000
430,3.221940000,4.409040000,1.747441000,9.378421000,1.162234000
431,7.340508000,6.054861000,1.550627000,14.945996000,1.494894000
432,6.819559000,4.256436000,1.502575000,12.578570000,1.188286000
433,9.328345000,5.672268000,1.604335000,16.604948000,1.458992000
434,7.225479000,4.612001000,1.989862000,13.827342000,1.245207000
435,2.701898000,7.061560000,1.489375000,11.252833000,1.817423000
436,4.666198000,4.935996000,1.373717000,10.975911000,1.292912000
437,3.618781000,8.763395000,1.418766000,13.800942000,1.991749000
438,6.891985000,4.705589000,1.566481000,13.164055000,1.256939000
439,3.011367000,4.262164000,1.451731000,8.725262000,1.136322000
440,5.288627000,6.387866000,1.474918000,13.151411000,1.526114000
441,6.718637000,4.951851000,1.958084000,13.628572000,1.416741000
442,7.095154000,5.245046000,1.354092000,13.694292000,1.439651000
443,5.712427000,4.988028000,1.866661000,12.567116000,1.236336000
444,3.353661000,5.267674000,2.045735000,10.667070000,1.358491000
445,4.278715000,4.958764000,1.700577000,10.938056000,1.300451000
446,2.418131000,4.284163000,1.392575000,8.094869000,1.241365000
447,4.882358000,4.694414000,1.609154000,11.185926000,1.212030000
448,3.027640000,5.594814000,1.537217000,10.159671000,1.419810000
449,6.672891000,8.822900000,1.535681000,17.031472000,2.189190000
450,4.911551000,4.941025000,1.495592000,11.348168000,1.252537000
451,8.124552000,5.121706000,1.532118000,14.778376000,1.361146000
452,8.285397000,5.105013000,1.652595000,15.043005000,1.394462000
453,3.292690000,7.299301000,1.842146000,12.434137000,1.890480000
454,7.689298000,5.632668000,1.592043000,14.914009000,1.653295000
455,4.624851000,6.379835000,2.410099000,13.414785000,1.963880000
456,7.443665000,9.448263000,1.596373000,18.488301000,3.137359000
457,5.915806000,6.583703000,1.822451000,14.321960000,2.031699000
458,3.188556000,5.817749000,1.925677000,10.931982000,1.840536000
459,3.567727000,5.636858000,2.195336000,11.399921000,1.369459000
460,3.616895000,5.881584000,2.310993000,11.809472000,1.612996000
461,4.261675000,5.312513000,2.569688000,12.143876000,1.559077000
462,8.217581000,4.378031000,1.774679000,14.370291000,1.254219000
463,2.742127000,6.636434000,2.854782000,12.233343000,1.573953000
464,5.073724000,5.940670000,1.743180000,12.757574000,1.519125000
465,4.302602000,5.629595000,2.320492000,12.252689000,1.370573000
466,7.247200000,11.210998000,2.362468000,20.820666000,2.735427000
467,7.667158000,4.819849000,2.487414000,14.974421000,1.239971000
468,3.031202000,5.339263000,2.420715000,10.791180000,1.241090000
469,4.192531000,6.453378000,2.115786000,12.761695000,1.719013000
470,8.291683000,5.006606000,2.276632000,15.574921000,1.442096000
471,7.523703000,7.029154000,2.182485000,16.735342000,1.889081000
472,2.637225000,4.198397000,2.103284000,8.938906000,1.289700000
473,5.444025000,5.421536000,2.059983000,12.925544000,1.389500000
474,6.204742000,5.377396000,2.248904000,13.831042000,1.404584000
475,5.951635000,8.528796000,1.975544000,16.455975000,2.376847000
476,3.684432000,6.325148000,1.945861000,11.955441000,1.687935000
477,3.439147000,6.247834000,1.838166000,11.525147000,1.610272000
478,5.171782000,7.305797000,1.634227000,14.111806000,1.845079000
479,7.562395000,5.933546000,1.620259000,15.116200000,1.539454000
480,4.389205000,5.720319000,1.843683000,11.953207000,1.436504000
481,3.269711000,5.262227000,1.524436000,10.056374000,1.292142000
482,2.934262000,4.333123000,1.587573000,8.854958000,1.162309000
483,2.887467000,4.502209000,1.462835000,8.852511000,1.223414000
484,3.082326000,5.159211000,2.074509000,10.316046000,1.228168000
485,3.381179000,9.141588000,1.656576000,14.179343000,2.365887000
486,8.062602000,7.481448000,1.617605000,17.161655000,1.965002000
487,4.673810000,4.685055000,1.618583000,10.977448000,1.211685000
488,8.194533000,4.529447000,1.541687000,14.265667000,1.198483000
489,5.710402000,4.212924000,1.716082000,11.639408000,1.182634000
490,7.649348000,5.432641000,1.598957000,14.680946000,1.545740000
491,6.486204000,4.654324000,1.668380000,12.808908000,1.222577000
492,7.623157000,4.685963000,1.558588000,13.867708000,1.347805000
493,7.860899000,5.646566000,1.758964000,15.266429000,1.538889000
494,8.511126000,5.426983000,1.611808000,15.549917000,1.331395000
495,4.794567000,7.409023000,2.128707000,14.332297000,2.402697000
496,5.143287000,6.954772000,2.041894000,14.139953000,1.718457000
497,4.634419000,7.351263000,1.811137000,13.796819000,2.133178000
498,8.871440000,4.616679000,2.073392000,15.561511000,1.314775000
499,5.460368000,5.333326000,1.853879000,12.647573000,1.362683000
500,3.258677000,8.314591000,1.924909000,13.498177000,2.122351000
501,4.742814000,5.145172000,2.151056000,12.039042000,1.290680000
502,4.001234000,8.097662000,1.709517000,13.808413000,2.182833000
503,6.293580000,6.285548000,1.907727000,14.486855000,1.765184000
504,6.172823000,4.942701000,1.798356000,12.913880000,1.365754000
505,4.213902000,7.119598000,1.971353000,13.304853000,1.752121000
506,7.775901000,8.415163000,2.255539000,18.446603000,3.052149000
507,7.180152000,5.817539000,2.657618000,15.655309000,1.398651000
508,8.328420000,6.365657000,2.710768000,17.404845000,1.585830000
509,2.908909000,11.868907000,2.731372000,17.509188000,2.802955000
510,3.185762000,11.738024000,2.576811000,17.500597000,2.863438000
511,9.140469000,5.404495000,2.726342000,17.271306000,1.346192000
512,2.924973000,13.559287000,2.891658000,19.375918000,3.048314000
513,4.278506000,5.240506000,2.091901000,11.610913000,1.409268000
514,8.910132000,5.655017000,2.064313000,16.629462000,1.462135000
515,2.913519000,5.151667000,2.293184000,10.358370000,1.353880000
516,5.445911000,5.519873000,2.017029000,12.982813000,1.455429000
517,4.311401000,8.120431000,2.116764000,14.548596000,2.059355000
518,3.612844000,4.664731000,2.007182000,10.284757000,1.351297000
519,8.124062000,5.411060000,2.021919000,15.557041000,1.671659000
520,5.354068000,5.214036000,1.887544000,12.455648000,1.401162000
521,6.544661000,4.736179000,2.263711000,13.544551000,1.147989000
522,8.614352000,5.027628000,1.720342000,15.362322000,1.375398000
523,7.002544000,4.858402000,1.821473000,13.682419000,1.396555000
524,8.338547000,4.645175000,2.346474000,15.330196000,1.342774000
525,3.732274000,4.989495000,1.877906000,10.599675000,1.363380000
526,8.083694000,4.868389000,1.664259000,14.616342000,1.390197000
527,4.857774000,5.468469000,1.565782000,11.892025000,1.516822000
528,5.353092000,5.446819000,1.798635000,12.598546000,1.437693000
529,7.964963000,5.847361000,1.827549000,15.639873000,1.543507000
530,3.043005000,7.814105000,1.731027000,12.588137000,1.924134000
531,3.879360000,10.449165000,1.563617000,15.892142000,2.804145000
532,3.767194000,5.715989000,1.750653000,11.233836000,1.523458000
533,7.323536000,5.645867000,1.593719000,14.563122000,1.572767000
534,4.865456000,6.436755000,1.450474000,12.752685000,1.742902000
535,3.859944000,5.907844000,2.213983000,11.981771000,1.556287000
536,5.543409000,5.977686000,1.517172000,13.038267000,1.590719000
537,3.912675000,5.803850000,1.752679000,11.469204000,1.485190000
538,9.148013000,6.652357000,1.599097000,17.399467000,1.683749000
539,9.150108000,5.405402000,1.599865000,16.155375000,1.596586000
540,6.677919000,10.939873000,2.492792000,20.110584000,3.178076000
541,3.548240000,5.327459000,1.649592000,10.525291000,1.361778000
542,8.172742000,6.022943000,1.636881000,15.832566000,1.753936000
543,5.804898000,5.281433000,1.703720000,12.790051000,1.439227000
544,7.718701000,4.938999000,2.003830000,14.661530000,1.348577000
545,3.006059000,6.178900000,1.683535000,10.868494000,1.602449000
546,6.809431000,4.356588000,1.986160000,13.152179000,1.270211000
547,4.393605000,6.850358000,1.898788000,13.142751000,1.597983000
548,6.158646000,6.615690000,1.699389000,14.473725000,1.594837000
549,8.069097000,7.324375000,1.666354000,17.059826000,1.780329000
550,8.224215000,9.568041000,2.012280000,19.804536000,2.753513000
551,3.628139000,5.941159000,2.016541000,11.585839000,1.537080000
552,4.472596000,5.512959000,3.133939000,13.119494000,1.448380000
553,6.663811000,9.892805000,1.795701000,18.352317000,2.736123000
554,8.267378000,5.596559000,1.793117000,15.657054000,1.430431000
555,3.527148000,5.660325000,1.866731000,11.054204000,1.518501000
556,7.919636000,5.665772000,1.735358000,15.320766000,1.710704000
557,5.866777000,6.943108000,1.795073000,14.604958000,2.297934000
558,7.235465000,7.380248000,1.871969000,16.487682000,1.985257000
559,3.326842000,9.217575000,1.750793000,14.295210000,2.355977000
560,4.053615000,5.589435000,2.103843000,11.746893000,1.488746000
561,3.642876000,10.736004000,1.755962000,16.134842000,2.986514000
562,8.409855000,6.689583000,2.421274000,17.520712000,1.805336000
563,9.214991000,9.082431000,2.502639000,20.800061000,2.463251000
564,8.198654000,9.867382000,1.806317000,19.872353000,2.661600000
565,4.775569000,6.824796000,1.865753000,13.466118000,1.833003000
566,7.938423000,6.002689000,2.528969000,16.470081000,1.637161000
567,8.592072000,4.773404000,1.678996000,15.044472000,1.353604000
568,7.504497000,9.809832000,1.660488000,18.974817000,2.752736000
569,4.267261000,4.695740000,1.670545000,10.633546000,1.329784000
570,5.581474000,4.838288000,1.511097000,11.930859000,1.263922000
571,6.618414000,5.110111000,1.679904000,13.408429000,1.555865000
572,4.146854000,5.876345000,1.843823000,11.867022000,1.589178000
573,6.434381000,8.190901000,1.646799000,16.272081000,2.486090000
574,3.555294000,5.661372000,2.149380000,11.366046000,1.483370000
575,3.588678000,6.447022000,1.657624000,11.693324000,1.530863000
576,8.407550000,5.107527000,1.779917000,15.294994000,1.365056000
577,6.519658000,8.717648000,2.151475000,17.388781000,2.064032000
578,6.767037000,6.045782000,1.769022000,14.581841000,1.609712000
579,3.107469000,10.526689000,1.942159000,15.576317000,2.721033000
580,3.558856000,6.961127000,1.766647000,12.286630000,1.746673000
581,8.395049000,5.540546000,2.187374000,16.122969000,1.504112000
582,6.725691000,4.768445000,1.889918000,13.384054000,1.270141000
583,8.214368000,10.075021000,1.890547000,20.179936000,2.830195000
584,3.108238000,4.628203000,1.816305000,9.552746000,1.254985000
585,5.477479000,6.285059000,1.883981000,13.646519000,1.740599000
586,3.397242000,10.610708000,2.046712000,16.054662000,2.496076000
587,3.917285000,5.463930000,1.920579000,11.301794000,1.416951000
588,8.316966000,7.639640000,2.156783000,18.113389000,1.964786000
589,8.445683000,5.021971000,1.867568000,15.335222000,1.329854000
590,5.329973000,5.586432000,2.169564000,13.085969000,1.394738000
591,3.292061000,5.038523000,2.167539000,10.498123000,1.295007000
592,3.272575000,4.182194000,2.150008000,9.604777000,1.191289000
593,7.220799000,4.338010000,2.115786000,13.674595000,1.122919000
594,2.711815000,4.603549000,2.103913000,9.419277000,1.212524000
595,3.469878000,5.239109000,2.164884000,10.873871000,1.236684000
596,7.509664000,5.328297000,2.720267000,15.558228000,1.399001000
597,3.524564000,5.141889000,2.143513000,10.809966000,1.320215000
598,3.736744000,9.780430000,1.999011000,15.516185000,2.526870000
599,4.057596000,6.833596000,2.291159000,13.182351000,1.854996000
600,2.671517000,3.678286000,1.972261000,8.322064000,1.057543000
601,7.960493000,4.505003000,2.348709000,14.814205000,1.213708000
602,6.655849000,11.182013000,2.049576000,19.887438000,2.816782000
603,7.320184000,7.613868000,2.200295000,17.134347000,2.364417000
604,8.024328000,4.483631000,2.021430000,14.529389000,1.232987000
605,3.352334000,4.418189000,2.366238000,10.136761000,1.030862000
606,4.751823000,8.968170000,2.278797000,15.998790000,2.093786000
607,3.033297000,4.491802000,3.176682000,10.701781000,0.998737000
608,7.351404000,4.595657000,2.678989000,14.626050000,1.120473000
609,3.316576000,4.127159000,3.692533000,11.136268000,0.936653000
610,6.168283000,3.755670000,2.175431000,12.099384000,0.991680000
611,3.897658000,4.605435000,2.151964000,10.655057000,1.046508000
612,3.189044000,7.082164000,2.155387000,12.426595000,1.761616000
613,4.908828000,5.136023000,1.788159000,11.833010000,1.316865000
614,3.451230000,4.202239000,2.343679000,9.997148000,1.027722000
615,2.971836000,6.916638000,1.511236000,11.399710000,1.896824000
616,5.478946000,8.255923000,1.612157000,15.347026000,2.493420000
617,4.410506000,6.210608000,1.359260000,11.980374000,1.739339000
618,8.129929000,4.291705000,1.802057000,14.223691000,1.188984000
619,8.983954000,6.840162000,1.454035000,17.278151000,2.061369000
620,6.577766000,8.904195000,2.196453000,17.678414000,2.555161000
621,7.828283000,3.972668000,1.208821000,13.009772000,1.094213000
622,6.083007000,4.734712000,1.564525000,12.382244000,1.342501000
623,6.953934000,8.177561000,1.242555000,16.374050000,2.254705000
624,5.101661000,7.726663000,1.521712000,14.350036000,2.372599000
625,8.607786000,14.569478000,1.279571000,24.456835000,3.978180000
626,6.225205000,6.994023000,1.258967000,14.478195000,2.206365000
627,2.639879000,6.176175000,1.211126000,10.027180000,1.848430000
628,5.745391000,4.480209000,1.225652000,11.451252000,1.342221000
629,7.166602000,4.593771000,1.783199000,13.543572000,1.420789000
630,3.309591000,9.414389000,1.199671000,13.923651000,2.937820000
631,8.724562000,9.018666000,1.308765000,19.051993000,2.869520000
632,6.430680000,4.343179000,1.328460000,12.102319000,1.407446000
633,10.169239000,6.097884000,1.542875000,17.809998000,2.272789000
634,7.893305000,15.045520000,1.489166000,24.427991000,5.106335000
635,5.535727000,11.395799000,1.593090000,18.524616000,3.124508000
636,8.522579000,5.580147000,1.674944000,15.777670000,1.880978000
637,6.622604000,11.022425000,1.801079000,19.446108000,3.600481000
638,10.828056000,6.460502000,1.872667000,19.161225000,2.171943000
639,6.433333000,7.000518000,1.929657000,15.363508000,2.097908000
640,7.710250000,12.124947000,2.077234000,21.912431000,3.930904000
641,4.224518000,7.791126000,2.933843000,14.949487000,2.371476000
642,8.179866000,14.516189000,2.666209000,25.362264000,4.225290000
643,8.896792000,15.314759000,2.493001000,26.704552000,4.948498000
644,8.909153000,16.565485000,2.555719000,28.030357000,5.393319000
645,10.417805000,15.370981000,2.616971000,28.405757000,4.963863000
646,10.754582000,16.699162000,3.407509000,30.861253000,5.456732000
647,10.766106000,17.222976000,2.825518000,30.814600000,5.328859000
648,17.998847000,8.871718000,3.423991000,30.294556000,3.118013000
649,6.890028000,10.014958000,3.240378000,20.145364000,3.535456000
650,10.444694000,19.376337000,3.645600000,33.466631000,6.604094000
651,8.010151000,12.246681000,3.483078000,23.739910000,3.908487000
652,12.995524000,10.826798000,3.689600000,27.511922000,4.085812000
653,8.038715000,12.640169000,6.045083000,26.723967000,4.610396000
654,10.131803000,11.046451000,3.977138000,25.155392000,4.248196000
655,8.837636000,23.007199000,3.708248000,35.553083000,8.074261000
656,12.109162000,12.074312000,3.628559000,27.812033000,4.507586000
657,11.686061000,13.838864000,3.766705000,29.291630000,5.392416000
658,9.401608000,22.079422000,3.826210000,35.307240000,7.994789000
659,9.653317000,11.435399000,4.131070000,25.219786000,4.277252000
660,11.024240000,15.294784000,4.558641000,30.877665000,6.509458000
661,7.773247000,15.351007000,4.318943000,27.443197000,6.128957000
662,13.604335000,13.171176000,3.922941000,30.698452000,5.183584000
663,13.630735000,14.646513000,3.983913000,32.261161000,5.637554000
664,9.493240000,14.329013000,4.325160000,28.147413000,5.639087000
665,8.682936000,25.751072000,3.979722000,38.413730000,10.667136000
666,12.626690000,43.214582000,3.802604000,59.643876000,19.258312000
667,13.366593000,13.155671000,5.128479000,31.650743000,5.479578000
668,17.104733000,16.516945000,3.770896000,37.392574000,6.824304000
669,12.379381000,51.439287000,3.831588000,67.650256000,22.391891000
670,11.391120000,29.859723000,4.147831000,45.398674000,13.281873000
671,8.128672000,14.477775000,3.983634000,26.590081000,6.087336000
672,11.596874000,25.165030000,4.800852000,41.562756000,10.165044000
673,10.282801000,48.991613000,4.586158000,63.860572000,19.697956000
674,12.324764000,42.763963000,4.184010000,59.272737000,19.345253000
675,8.557989000,28.051170000,3.981818000,40.590977000,12.406270000
676,12.684589000,55.540814000,7.216050000,75.441453000,23.968013000
677,18.221154000,33.250959000,3.932091000,55.404204000,15.693445000
678,9.783153000,43.341555000,4.205032000,57.329740000,20.413002000
679,11.125023000,30.904625000,3.877753000,45.907401000,13.674386000
680,13.063830000,17.796446000,3.842414000,34.702690000,8.446728000
681,11.275042000,17.853228000,3.811404000,32.939674000,8.044721000
682,10.455240000,16.284163000,4.038599000,30.778002000,7.650115000
683,11.296973000,42.775278000,4.717042000,58.789293000,19.792250000
684,9.253543000,33.249771000,4.017717000,46.521031000,15.387051000
685,9.903840000,18.725551000,4.561155000,33.190546000,9.259342000
686,10.129218000,18.581397000,4.025050000,32.735665000,8.506450000
687,9.885890000,16.754966000,3.977208000,30.618064000,8.329120000
688,11.511736000,18.513511000,5.971260000,35.996507000,9.309347000
689,13.901232000,18.820675000,3.902268000,36.624175000,9.258574000
690,9.393995000,21.408242000,4.119057000,34.921294000,11.090307000
691,17.125127000,19.927807000,3.851144000,40.904078000,10.254792000
692,11.338459000,37.697503000,4.124295000,53.160257000,18.475446000
693,16.259788000,19.710459000,4.117101000,40.087348000,10.183208000
694,15.765238000,52.794566000,3.729339000,72.289143000,27.896259000
695,15.681219000,23.699331000,4.263979000,43.644529000,12.381966000
696,17.054307000,21.610085000,3.919798000,42.584190000,11.550567000
697,16.154676000,54.715284000,4.265236000,75.135196000,29.019254000
698,19.216189000,35.586955000,4.061786000,58.864930000,18.030073000
699,9.691521000,36.874697000,4.076314000,50.642532000,19.541376000
700,9.548484000,23.773642000,4.364970000,37.687096000,12.914297000
701,10.537025000,39.168999000,4.315312000,54.021336000,20.894270000
702,13.427495000,35.691159000,5.847570000,54.966224000,20.725128000
703,14.644977000,86.888584000,4.561435000,106.094996000,47.314081000
704,13.145823000,25.293049000,4.445218000,42.884090000,14.051807000
705,11.709039000,24.549584000,4.271172000,40.529795000,13.691430000
706,14.212097000,27.637986000,4.431529000,46.281612000,15.271110000
707,10.383373000,41.743017000,4.672553000,56.798943000,23.356687000
708,11.644226000,46.109383000,4.721093000,62.474702000,25.852895000
709,10.492326000,25.347596000,4.732966000,40.572888000,14.503263000
710,17.204816000,47.302280000,4.727867000,69.234963000,25.898012000
711,13.075562000,46.482058000,4.612698000,64.170318000,27.078071000
712,14.031556000,24.319385000,4.728426000,43.079367000,14.020239000
713,14.794927000,43.464545000,4.908827000,63.168299000,24.030523000
714,14.533998000,45.073839000,4.676045000,64.283882000,25.369036000
715,13.377837000,48.408573000,5.418184000,67.204594000,27.984689000
716,14.005785000,30.357135000,5.379002000,49.741922000,18.362162000
717,17.431872000,31.162550000,5.196156000,53.790578000,18.481660000
718,17.719760000,30.455681000,5.747487000,53.922928000,18.108427000
719,13.218109000,58.119509000,5.369643000,76.707261000,35.834266000
720,17.031958000,30.810269000,5.277662000,53.119889000,18.610522000
721,11.707712000,53.744134000,5.050816000,70.502662000,32.026990000
722,16.387738000,30.818370000,5.145590000,52.351698000,19.076993000
723,11.527171000,36.399145000,5.319915000,53.246231000,22.498748000
724,16.951850000,33.139072000,6.014352000,56.105274000,20.686922000
725,12.122851000,53.374950000,5.702579000,71.200380000,32.247954000
726,15.307356000,48.704632000,5.509467000,69.521455000,33.626704000
727,14.468277000,35.489246000,5.834160000,55.791683000,22.324287000
728,12.441819000,69.159744000,7.057089000,88.658652000,46.561888000
729,13.159513000,57.195992000,5.299592000,75.655097000,35.646113000
730,18.131965000,34.669304000,5.878301000,58.679570000,21.683697000
731,17.174296000,35.651349000,7.342463000,60.168108000,22.708485000
732,15.802883000,37.373786000,5.836605000,59.013274000,23.752477000
733,13.699040000,37.636461000,5.884027000,57.219528000,24.271540000
734,15.667809000,89.053816000,5.626800000,110.348425000,55.762627000
735,18.253141000,37.397881000,6.315999000,61.967021000,23.889994000
736,12.986724000,60.562993000,6.117649000,79.667366000,38.761051000
737,20.704098000,39.286682000,6.800421000,66.791201000,25.254637000
738,17.570507000,40.245050000,6.788338000,64.603895000,26.254279000
739,15.737441000,75.352891000,5.986346000,97.076678000,49.706585000
740,12.524511000,67.695790000,6.972232000,87.192533000,43.945259000
741,16.320968000,67.162339000,6.293509000,89.776816000,43.219402000
742,20.886175000,117.969696000,5.899812000,144.755683000,74.123598000
743,16.573446000,42.707111000,6.886257000,66.166814000,28.411060000
744,15.664526000,72.745697000,5.869082000,94.279305000,48.688780000
745,12.970311000,41.844216000,7.168277000,61.982804000,27.297791000
746,14.589941000,47.061046000,7.677843000,69.328830000,31.070358000
747,14.269367000,44.437231000,6.221084000,64.927682000,29.907701000
748,17.581193000,40.524556000,6.191751000,64.297500000,27.054110000
749,14.963943000,41.751886000,6.067083000,62.782912000,27.903593000
750,18.791621000,41.586570000,6.426069000,66.804260000,27.827538000
751,16.348906000,44.147388000,6.366565000,66.862859000,29.822009000
752,16.855188000,45.878136000,5.813697000,68.547021000,31.140479000
753,13.199462000,92.953289000,7.695024000,113.847775000,66.241612000
754,15.903455000,72.554122000,6.607867000,95.065444000,48.873369000
755,15.664247000,81.997005000,8.598846000,106.260098000,56.006447000
756,13.513889000,42.347915000,6.825076000,62.686880000,29.527345000
757,14.068223000,49.776842000,6.493886000,70.338951000,35.254650000
758,16.683168000,46.497702000,6.493956000,69.674826000,32.807671000
759,13.916527000,71.405574000,6.755792000,92.077893000,48.968496000
760,15.276625000,53.289952000,6.266620000,74.833197000,36.496084000
761,15.705034000,71.923939000,6.292741000,93.921714000,48.705815000
762,16.791563000,143.174604000,6.735049000,166.701216000,99.356386000
763,26.017587000,72.965140000,6.352806000,105.335533000,50.192681000
764,16.909455000,144.827828000,6.493956000,168.231239000,100.683726000
765,15.260841000,43.295807000,6.919920000,65.476568000,30.041868000
766,14.971486000,43.016440000,6.594388000,64.582314000,30.381994000
767,16.056617000,78.379551000,6.756630000,101.192798000,55.384785000
768,15.816292000,48.557405000,7.151236000,71.524933000,34.393642000
769,15.302885000,108.365826000,6.550387000,130.219098000,75.065772000
770,18.716680000,87.319923000,6.216334000,112.252937000,63.093642000
771,14.960451000,124.990396000,6.703551000,146.654398000,89.120020000
772,14.497401000,116.587527000,6.812713000,137.897641000,83.278664000
773,18.101444000,85.096581000,6.779957000,109.977982000,58.959500000
774,15.593427000,50.612638000,6.290157000,72.496222000,36.031216000
775,17.471193000,53.666748000,6.824237000,77.962178000,38.915194000
776,17.040408000,81.473470000,6.693773000,105.207651000,57.780005000
777,16.525326000,49.292558000,7.580973000,73.398857000,35.144224000
778,15.634005000,56.016014000,10.356414000,82.006433000,40.349046000
779,16.826832000,47.901031000,7.200265000,71.928128000,34.059165000
780,16.046840000,62.828098000,10.612663000,89.487601000,46.216302000
781,18.447440000,47.514667000,6.591804000,72.553911000,33.552463000
782,15.741910000,48.356819000,7.318646000,71.417375000,34.363887000
783,15.123671000,82.822534000,6.805449000,104.751654000,58.886715000
784,15.639034000,87.806440000,6.820466000,110.265940000,62.440197000
785,16.345413000,87.269776000,7.828352000,111.443541000,62.261477000
786,18.620997000,50.773693000,7.476349000,76.871039000,36.611811000
787,12.857936000,52.595026000,6.831500000,72.284462000,37.477009000
788,12.448314000,91.625387000,7.325910000,111.399611000,65.843582000
789,18.523428000,51.352331000,7.053248000,76.929007000,36.908502000
790,15.437540000,47.827558000,6.990879000,70.255977000,34.247042000
791,17.025881000,55.953925000,8.030055000,81.009861000,39.713418000
792,16.001373000,55.495903000,7.882130000,79.379406000,41.127771000
793,17.402468000,84.606990000,7.740282000,109.749740000,57.357255000
794,14.620672000,157.099859000,7.771710000,179.492241000,112.212716000
795,17.357909000,87.804834000,7.345536000,112.508279000,63.710133000
796,15.920496000,49.870429000,7.448413000,73.239338000,36.512146000
797,15.020934000,54.097671000,6.500381000,75.618986000,39.372094000
798,17.045436000,48.683119000,7.125954000,72.854509000,35.186417000
799,15.415610000,99.384804000,7.344768000,122.145182000,73.586522000
800,15.155030000,49.915057000,6.648446000,71.718533000,36.158893000
801,14.649516000,53.530206000,7.312082000,75.491804000,39.319859000
802,14.785497000,42.328288000,7.280793000,64.394578000,30.196361000
803,15.110332000,124.086224000,7.857266000,147.053822000,90.129443000
804,15.524494000,69.242294000,7.522306000,92.289094000,53.543690000
805,15.735136000,158.490198000,8.038575000,182.263909000,113.639015000
806,15.527427000,49.564522000,6.979914000,72.071863000,36.332374000
807,16.218022000,58.984777000,7.218563000,82.421362000,42.632099000
808,18.243572000,98.131634000,8.233155000,124.608361000,72.281115000
809,17.151387000,85.929303000,7.386253000,110.466943000,60.366531000
810,16.515897000,133.230603000,7.424946000,157.171446000,95.358286000
811,15.159989000,97.292416000,7.843717000,120.296122000,68.726724000
812,14.269577000,50.621018000,7.926060000,72.816655000,36.518570000
813,16.442912000,59.322112000,9.466420000,85.231444000,43.384786000
814,16.327883000,48.495175000,7.534947000,72.358005000,35.364364000
815,15.881035000,54.647604000,7.875984000,78.404623000,40.114795000
816,17.357559000,83.494200000,8.215066000,109.066825000,60.737389000
817,16.214460000,94.881827000,9.672453000,120.768740000,68.185302000
818,15.636310000,85.473655000,7.388768000,108.498733000,60.906057000
819,16.295476000,48.832999000,6.914333000,72.042808000,35.907522000
820,19.597175000,43.207526000,7.456445000,70.261146000,31.518179000
821,16.220816000,95.558314000,7.524470000,119.303600000,69.748154000
822,13.802405000,60.590228000,7.994016000,82.386649000,44.727215000
823,12.162381000,55.628182000,8.600242000,76.390805000,40.867624000
824,16.555916000,53.392199000,16.786463000,86.734578000,38.841855000
825,15.823974000,57.074046000,8.062042000,80.960062000,41.961619000
826,16.884382000,130.179357000,9.771768000,156.835507000,94.653447000
827,20.157445000,54.197335000,9.140609000,83.495389000,39.724726000
828,16.267400000,79.028240000,7.968663000,103.264303000,61.366093000
829,18.354621000,54.503730000,8.432762000,81.291113000,40.068141000
830,18.201178000,95.355074000,8.233993000,121.790245000,68.622738000
831,16.890946000,95.877560000,8.743977000,121.512483000,69.615668000
832,15.723333000,54.381087000,9.229028000,79.333448000,40.069602000
833,20.259275000,98.440962000,9.121891000,127.822128000,71.473811000
834,15.854007000,53.451564000,8.776383000,78.081954000,38.998794000
