0,7.074339000,2.895708000,3.300091000,13.270138000,1.607826000
1,10.394753000,32.593318000,3.009830000,45.997901000,13.163420000
2,8.195438000,119.795741000,3.351914000,131.343093000,42.443513000
3,8.705003000,21.032905000,3.279069000,33.016977000,7.684894000
4,8.230149000,16.683023000,3.559902000,28.473074000,6.398338000
5,8.049399000,16.347783000,3.390117000,27.787299000,6.643903000
6,10.511040000,15.846389000,3.409045000,29.766474000,6.069596000
7,9.410055000,22.676910000,4.502557000,36.589522000,8.946584000
8,8.592907000,20.075724000,3.909740000,32.578371000,8.393649000
9,8.312213000,23.012778000,3.918749000,35.243740000,9.036821000
10,7.485077000,15.433136000,4.481673000,27.399886000,6.171005000
11,8.301108000,18.259420000,4.566112000,31.126640000,8.093678000
12,7.862851000,20.631037000,4.010452000,32.504340000,8.998060000
13,7.818711000,22.325466000,3.876286000,34.020463000,9.451471000
14,7.732597000,22.889718000,4.414346000,35.036661000,10.049249000
15,7.142993000,18.476349000,4.063950000,29.683292000,8.411249000
16,7.983538000,15.882917000,4.116122000,27.982577000,5.971396000
17,6.960426000,109.499813000,4.338149000,120.798388000,44.647091000
18,6.458963000,20.820238000,4.521204000,31.800405000,8.695925000
19,7.555757000,28.057796000,4.303927000,39.917480000,10.993785000
20,6.790991000,11.072079000,4.245538000,22.108608000,4.332493000
21,11.572564000,15.345414000,4.389413000,31.307391000,6.429488000
22,7.203685000,98.477182000,4.497877000,110.178744000,40.819414000
23,8.918788000,13.583867000,4.633020000,27.135675000,5.705299000
24,9.619021000,14.364907000,5.187564000,29.171492000,5.771859000
25,10.405300000,95.579309000,4.632881000,110.617490000,37.604809000
26,6.403788000,88.477523000,4.513592000,99.394903000,36.688553000
27,6.358879000,90.858008000,4.566182000,101.783069000,38.445636000
28,6.449953000,16.044669000,4.298339000,26.792961000,6.939894000
29,7.742164000,11.493084000,4.538874000,23.774122000,4.763485000
30,10.927157000,11.309121000,4.470220000,26.706498000,4.322435000
31,8.915994000,14.023450000,4.855606000,27.795050000,5.721993000
32,9.047017000,25.955978000,6.797485000,41.800480000,10.879035000
33,8.835467000,11.798153000,4.491033000,25.124653000,4.582455000
34,8.803410000,14.574781000,4.571839000,27.950030000,5.640137000
35,11.762394000,14.274391000,5.104732000,31.141517000,5.524410000
36,6.261660000,14.432653000,4.587414000,25.281727000,5.543197000
37,5.938223000,10.129285000,5.265786000,21.333294000,4.062205000
38,12.232918000,10.117831000,4.623732000,26.974481000,3.946757000
39,10.285451000,11.866667000,4.448709000,26.600827000,4.540968000
40,9.858299000,10.443642000,4.632811000,24.934752000,4.130510000
41,8.573771000,14.319579000,5.101240000,27.994590000,5.256918000
42,5.534538000,17.316418000,4.287025000,27.137981000,6.190770000
43,5.208167000,8.230428000,4.733802000,18.172397000,2.944317000
44,5.130014000,16.252518000,4.730101000,26.112633000,5.812715000
45,7.171418000,10.119507000,5.581471000,22.872396000,3.281792000
46,6.336042000,63.958188000,5.442207000,75.736437000,21.196409000
47,4.264955000,8.735034000,5.232472000,18.232461000,2.923854000
48,6.344073000,10.296835000,4.562480000,21.203388000,3.430065000
49,5.291558000,11.388042000,4.612766000,21.292366000,3.768661000
50,7.746984000,11.097431000,4.744976000,23.589391000,3.452137000
51,8.449941000,8.349788000,3.972318000,20.772047000,2.889701000
52,4.294497000,8.101221000,4.409317000,16.805035000,2.654196000
53,4.912388000,9.348595000,4.020649000,18.281632000,3.131563000
54,5.421044000,10.145977000,4.896464000,20.463485000,3.278860000
55,4.337800000,10.497840000,3.036299000,17.871939000,3.351076000
56,7.900845000,9.995399000,3.442359000,21.338603000,2.887257000
57,10.525358000,11.682704000,3.708596000,25.916658000,3.474765000
58,7.529776000,8.273730000,3.737091000,19.540597000,2.813015000
59,8.657789000,11.032269000,2.933283000,22.623341000,3.983562000
60,4.660608000,10.061678000,3.594055000,18.316341000,2.979237000
61,8.371718000,9.841468000,3.172631000,21.385817000,3.371467000
62,5.746018000,9.983945000,3.442499000,19.172462000,3.505149000
63,9.400207000,50.652640000,2.567941000,62.620788000,16.518752000
64,9.427725000,12.437484000,2.804913000,24.670122000,4.160961000
65,4.711523000,54.006859000,2.743872000,61.462254000,17.311884000
66,6.591732000,6.796647000,2.729275000,16.117654000,2.368962000
67,9.022224000,50.134276000,2.224528000,61.381028000,17.271719000
68,4.389343000,9.451052000,2.341793000,16.182188000,3.418751000
69,7.303419000,13.603631000,2.159227000,23.066277000,4.674995000
70,3.806653000,11.456627000,2.320212000,17.583492000,3.907364000
71,10.454398000,8.318848000,2.634220000,21.407466000,3.021283000
72,10.532830000,7.572589000,2.985524000,21.090943000,2.590500000
73,7.610513000,8.791466000,2.442156000,18.844135000,2.941314000
74,3.517160000,8.261159000,2.304219000,14.082538000,2.903811000
75,3.863993000,6.818159000,2.102446000,12.784598000,2.298561000
76,5.680646000,9.258009000,2.033232000,16.971887000,3.372166000
77,9.346080000,8.248866000,2.195964000,19.790910000,2.571642000
78,4.588322000,9.179717000,2.409679000,16.177718000,3.437402000
79,4.829416000,11.223146000,2.034350000,18.086912000,3.231645000
80,3.756787000,52.988218000,2.049086000,58.794091000,18.394214000
81,9.099609000,8.821289000,1.805688000,19.726586000,3.267825000
82,4.684424000,11.610488000,2.023245000,18.318157000,4.121850000
83,9.244041000,9.359769000,2.089804000,20.693614000,3.409046000
84,10.428068000,55.644717000,2.301494000,68.374279000,20.387914000
85,2.852126000,8.229101000,2.115855000,13.197082000,3.102508000
86,10.123907000,9.480245000,1.991327000,21.595479000,3.363926000
87,3.015976000,9.753048000,2.951022000,15.720046000,4.216205000
88,3.867974000,8.299850000,2.147354000,14.315178000,2.914772000
89,5.626170000,12.475548000,2.097347000,20.199065000,4.608786000
90,8.437230000,8.810394000,2.016400000,19.264024000,3.436283000
91,4.037061000,12.792140000,1.934756000,18.763957000,4.793098000
92,6.369216000,9.289439000,1.828596000,17.487251000,3.630792000
93,3.447178000,8.012592000,1.952844000,13.412614000,3.040908000
94,3.463241000,7.571611000,2.128147000,13.162999000,2.891308000
95,6.796717000,8.600100000,1.740665000,17.137482000,3.075828000
96,3.973365000,7.592144000,1.686468000,13.251977000,2.997607000
97,10.318137000,7.768495000,1.683116000,19.769748000,3.162363000
98,9.336511000,11.270778000,1.556004000,22.163293000,4.611510000
99,4.346321000,9.968579000,1.685700000,16.000600000,3.886412000
100,3.534480000,7.857333000,1.711472000,13.103285000,2.758330000
101,5.290860000,8.068814000,1.650290000,15.009964000,2.969742000
102,4.553471000,11.343413000,1.596861000,17.493745000,4.410156000
103,3.624087000,7.424036000,1.663979000,12.712102000,2.726202000
104,6.429001000,9.881067000,1.677179000,17.987247000,3.352123000
105,4.440467000,51.689301000,1.698899000,57.828667000,18.576718000
106,2.950044000,6.816762000,1.581216000,11.348022000,2.552853000
107,5.272911000,9.190263000,1.620607000,16.083781000,3.274180000
108,8.011474000,9.372549000,1.509629000,18.893652000,3.267825000
109,3.412536000,51.814387000,1.580379000,56.807302000,18.107582000
110,4.768653000,7.637193000,1.528486000,13.934332000,2.849405000
111,8.520481000,7.607789000,1.549927000,17.678197000,2.857015000
112,8.191386000,49.335983000,1.562080000,59.089449000,17.858738000
113,9.433522000,9.035494000,1.814418000,20.283434000,3.278161000
114,3.331240000,8.423610000,1.578423000,13.333273000,3.241005000
115,3.828374000,7.068821000,1.572975000,12.470170000,2.662507000
116,4.400518000,8.642495000,1.496918000,14.539931000,3.306375000
117,4.888850000,7.795593000,1.584918000,14.269361000,2.692050000
118,7.678608000,5.811600000,1.567179000,15.057387000,2.039727000
119,3.655935000,9.477940000,2.282288000,15.416163000,3.290873000
120,5.617370000,9.228675000,2.511159000,17.357204000,3.295342000
121,8.896858000,8.352931000,1.658321000,18.908110000,2.930349000
122,3.335292000,6.752997000,1.676970000,11.765259000,2.475262000
123,5.545643000,7.801111000,1.605801000,14.952555000,2.662368000
124,7.950502000,7.772686000,1.670125000,17.393313000,2.553203000
125,7.395331000,6.932908000,2.169144000,16.497383000,2.466321000
126,8.560919000,8.244956000,1.660348000,18.466223000,2.808826000
127,8.912991000,7.770521000,1.821193000,18.504705000,2.580791000
128,10.208904000,8.332955000,1.900044000,20.441903000,2.735351000
129,4.800781000,10.508595000,1.667052000,16.976428000,3.900031000
130,3.614310000,50.633503000,1.769999000,56.017812000,16.449191000
131,3.013810000,6.341209000,1.778729000,11.133748000,2.231163000
132,2.985804000,13.671378000,2.283545000,18.940727000,4.403592000
133,3.771733000,8.293565000,1.694150000,13.759448000,2.567523000
134,5.091951000,6.810895000,1.762805000,13.665651000,2.113831000
135,2.862323000,5.370619000,2.099651000,10.332593000,1.795771000
136,5.686933000,10.000776000,1.820983000,17.508692000,3.059976000
137,3.684221000,7.223520000,2.083449000,12.991190000,2.082191000
138,4.625547000,46.085829000,1.873574000,52.584950000,14.361410000
139,3.363647000,11.582481000,1.919041000,16.865169000,3.769079000
140,3.212999000,7.960420000,2.033581000,13.207000000,2.279635000
141,8.225818000,9.306550000,1.921764000,19.454132000,2.718170000
142,5.839956000,8.586341000,1.785294000,16.211591000,2.572341000
143,4.602290000,9.402931000,2.279983000,16.285204000,3.310217000
144,5.154529000,9.405794000,2.028623000,16.588946000,3.193793000
145,3.369305000,7.195025000,1.977149000,12.541479000,2.323777000
146,6.357622000,50.163259000,2.009416000,58.530297000,15.802390000
147,6.695098000,8.981995000,2.627515000,18.304608000,2.551387000
148,7.224358000,49.677649000,2.191982000,59.093989000,15.310911000
149,3.367140000,7.287775000,2.708462000,13.363377000,2.193099000
150,3.869721000,9.057145000,2.821396000,15.748262000,2.754420000
151,9.855435000,8.779594000,2.993486000,21.628515000,2.791714000
152,8.267374000,11.938045000,2.415057000,22.620476000,4.013246000
153,9.246206000,8.565738000,2.170610000,19.982554000,2.971347000
154,4.163894000,7.073919000,2.447743000,13.685556000,2.211748000
155,5.460226000,8.516360000,2.334738000,16.311324000,2.554113000
156,6.244269000,50.087550000,2.279913000,58.611732000,15.002976000
157,8.197183000,9.107989000,2.346751000,19.651923000,2.658105000
158,7.807257000,8.055334000,2.404371000,18.266962000,2.585191000
159,3.744494000,6.671980000,2.123887000,12.540361000,2.074439000
160,4.605503000,8.221000000,2.238566000,15.065069000,2.732697000
161,9.043875000,6.448556000,2.224878000,17.717309000,1.996008000
162,8.816750000,45.186616000,2.177804000,56.181170000,12.912821000
163,3.689249000,7.180428000,2.053067000,12.922744000,2.445506000
164,4.518760000,7.465522000,2.099861000,14.084143000,2.165375000
165,3.659776000,6.634335000,2.239615000,12.533726000,2.008439000
166,5.169405000,8.934223000,2.344517000,16.448145000,2.120534000
167,6.989480000,11.707847000,2.601534000,21.298861000,4.031404000
168,7.870044000,6.298745000,2.118788000,16.287577000,1.941672000
169,8.124198000,7.470689000,2.278167000,17.873054000,2.324891000
170,3.404295000,6.028178000,2.370917000,11.803390000,1.675432000
171,8.781129000,8.293425000,2.078629000,19.153183000,2.660482000
172,8.736641000,5.600817000,2.102655000,16.440113000,1.607688000
173,8.463700000,48.045168000,2.228859000,58.737727000,14.554383000
174,6.121138000,7.142993000,2.137786000,15.401917000,2.134085000
175,3.226199000,6.938566000,1.831878000,11.996643000,2.073322000
176,9.002528000,6.039842000,3.093500000,18.135870000,1.848501000
177,6.838622000,6.942407000,1.902139000,15.683168000,2.074020000
178,5.583776000,7.216605000,2.020731000,14.821112000,2.115018000
179,3.479166000,8.562525000,1.973098000,14.014789000,2.703782000
180,8.011265000,7.215068000,1.989442000,17.215775000,1.934405000
181,4.847574000,8.457203000,2.023385000,15.328162000,2.662228000
182,6.869981000,8.469985000,1.796748000,17.136714000,2.356111000
183,3.691764000,10.454258000,2.085055000,16.231077000,2.725991000
184,3.286752000,44.183829000,2.060121000,49.530702000,12.698827000
185,3.026940000,6.699148000,2.752951000,12.479039000,1.890057000
186,8.326600000,46.149036000,2.032464000,56.508100000,13.094769000
187,8.897766000,6.145233000,2.536651000,17.579650000,1.772932000
188,5.890171000,6.897917000,2.077652000,14.865740000,2.128357000
189,3.305469000,6.924109000,2.148891000,12.378469000,1.987138000
190,4.769491000,6.968388000,2.800933000,14.538812000,1.930705000
191,4.094261000,10.635707000,2.841999000,17.571967000,3.177101000
192,4.293450000,8.549045000,2.569966000,15.412461000,2.373291000
193,9.075652000,7.323463000,2.588124000,18.987239000,2.387749000
194,3.022959000,8.251031000,2.273279000,13.547269000,2.754419000
195,2.857714000,7.276600000,2.292135000,12.426449000,2.318675000
196,3.969315000,10.196054000,2.278936000,16.444305000,2.691561000
197,3.931880000,8.578658000,2.475470000,14.986008000,2.873848000
198,7.896375000,8.088161000,2.138484000,18.123020000,2.480569000
199,3.381736000,12.297940000,2.376365000,18.056041000,3.980072000
200,7.260047000,8.760038000,2.489858000,18.509943000,3.194491000
201,9.758844000,6.821091000,2.440410000,19.020345000,2.140580000
202,3.416657000,8.508608000,2.583515000,14.508780000,2.640924000
203,3.478327000,10.566354000,2.727738000,16.772419000,3.001169000
204,4.366924000,9.163933000,2.445578000,15.976435000,2.744850000
205,3.399267000,8.546951000,2.453609000,14.399827000,2.538536000
206,7.185526000,7.259070000,2.444391000,16.888987000,2.407093000
207,9.200948000,7.351540000,2.543426000,19.095914000,2.289341000
208,9.677967000,7.091659000,2.503476000,19.273102000,2.241289000
209,5.688189000,6.262498000,2.665090000,14.615777000,1.742620000
210,5.354415000,9.988344000,2.464086000,17.806845000,3.262588000
211,4.269633000,8.713523000,2.691630000,15.674786000,2.480430000
212,8.791047000,5.265228000,2.633661000,16.689936000,1.427355000
213,4.148109000,7.123018000,3.699236000,14.970363000,2.135689000
214,3.505216000,9.514189000,2.377063000,15.396468000,2.682061000
215,3.358339000,6.251463000,2.322027000,11.931829000,1.743040000
216,4.147271000,9.852293000,2.404860000,16.404424000,2.737095000
217,3.194211000,8.646964000,2.035607000,13.876782000,2.550830000
218,3.499000000,7.116312000,2.060401000,12.675713000,2.073181000
219,3.309101000,6.863625000,2.827612000,13.000338000,1.814558000
220,3.571287000,12.471636000,1.974355000,18.017278000,3.430066000
221,7.190903000,12.709308000,2.071086000,21.971297000,3.608164000
222,7.181126000,45.581920000,2.100140000,54.863186000,12.962276000
223,8.512518000,6.393730000,1.924069000,16.830317000,1.941390000
224,3.034832000,9.746482000,1.927283000,14.708597000,2.745967000
225,3.379013000,6.012674000,1.957524000,11.349211000,1.746742000
226,6.384790000,10.030040000,1.935175000,18.350005000,3.397241000
227,5.503318000,7.833936000,1.945232000,15.282486000,2.406746000
228,7.020839000,10.149190000,2.037702000,19.207731000,3.149164000
229,8.693618000,13.118649000,1.970724000,23.782991000,3.860572000
230,3.451788000,8.955734000,1.954660000,14.362182000,2.718311000
231,3.842342000,6.156897000,1.996356000,11.995595000,1.989023000
232,7.161011000,7.471038000,1.892990000,16.525039000,2.430631000
233,4.777034000,8.192084000,1.927981000,14.897099000,2.179690000
234,4.071354000,5.936826000,1.867148000,11.875328000,1.784664000
235,3.596080000,9.955169000,2.106706000,15.657955000,2.664881000
236,7.960489000,7.793567000,1.821263000,17.575319000,2.366027000
237,3.585604000,7.491712000,2.053347000,13.130663000,2.250790000
238,4.116122000,7.780438000,2.063684000,13.960244000,2.116275000
239,3.488035000,11.354587000,2.444600000,17.287222000,3.325654000
240,5.778634000,8.192364000,2.018007000,15.989005000,2.323216000
241,8.333584000,6.894007000,1.998730000,17.226321000,2.052507000
242,8.961392000,50.056120000,2.038051000,61.055563000,14.453465000
243,7.135379000,6.036210000,2.125773000,15.297362000,1.828665000
244,4.298548000,8.419140000,2.062985000,14.780673000,2.327546000
245,5.126452000,5.416016000,2.272091000,12.814559000,1.509348000
246,5.138675000,9.653243000,2.094134000,16.886052000,3.011782000
247,7.790006000,6.716399000,2.250230000,16.756635000,1.932589000
248,3.910578000,7.883594000,2.118230000,13.912402000,2.208324000
249,3.921683000,6.880387000,2.421761000,13.223831000,2.014025000
250,5.006883000,9.146751000,2.166490000,16.320124000,2.714609000
251,8.058338000,10.308079000,2.336834000,20.703251000,3.354919000
252,7.854888000,5.804545000,2.291717000,15.951150000,1.671731000
253,8.042204000,6.281774000,2.552995000,16.876973000,1.886424000
254,3.584487000,45.429595000,2.547268000,51.561350000,12.433573000
255,7.173024000,7.888692000,2.212027000,17.273743000,2.351571000
256,5.796304000,5.940388000,2.574855000,14.311547000,1.793185000
257,4.418257000,6.576017000,2.194566000,13.188840000,1.990838000
258,7.372911000,6.198103000,2.373361000,15.944375000,1.777263000
259,4.836958000,9.246904000,4.134839000,18.218701000,2.915752000
260,4.132465000,9.784686000,2.797789000,16.714940000,2.916941000
261,3.960864000,7.546049000,2.270205000,13.777118000,2.127378000
262,3.247011000,8.512029000,2.268040000,14.027080000,2.603559000
263,5.372086000,6.005340000,2.458568000,13.835994000,1.721178000
264,3.490340000,7.546049000,2.438384000,13.474773000,2.218803000
265,4.657116000,44.281187000,2.554811000,51.493114000,12.619769000
266,5.013448000,7.627205000,2.452143000,15.092796000,2.176057000
267,3.012553000,4.775148000,2.421622000,10.209323000,1.416321000
268,8.481019000,7.424943000,2.229907000,18.135869000,2.277889000
269,3.475534000,5.457363000,2.134293000,11.067190000,1.435595000
270,8.385266000,7.285329000,2.230116000,17.900711000,2.143652000
271,3.420918000,43.133129000,2.086661000,48.640708000,12.105737000
272,6.203342000,8.703745000,2.041823000,16.948910000,2.354364000
273,4.745326000,7.833866000,2.106216000,14.685408000,2.061101000
274,3.750850000,6.050738000,1.787110000,11.588698000,1.841028000
275,5.380746000,6.798253000,2.577160000,14.756159000,1.924628000
276,3.596708000,8.732380000,2.301494000,14.630582000,2.654194000
277,4.155373000,8.136630000,2.174452000,14.466455000,2.463599000
278,3.915257000,9.499800000,2.322936000,15.737993000,2.698334000
279,3.403806000,7.146135000,1.754424000,12.304365000,2.017727000
280,3.447248000,5.324454000,2.181087000,10.952789000,1.556144000
281,8.293146000,42.754656000,1.743529000,52.791331000,11.928058000
282,3.356453000,6.013022000,2.119696000,11.489171000,1.707770000
283,4.585598000,9.469280000,2.014864000,16.069742000,2.575833000
284,3.979651000,8.143126000,1.917574000,14.040351000,2.211468000
285,4.292193000,9.286924000,1.791301000,15.370418000,2.468139000
286,4.359101000,6.503102000,2.350313000,13.212516000,1.864985000
287,8.055614000,6.521261000,1.793815000,16.370690000,1.729211000
288,8.183075000,6.383952000,2.738215000,17.305242000,1.866381000
289,3.305469000,49.942557000,2.082889000,55.330915000,13.812109000
290,5.004648000,6.888838000,2.228230000,14.121716000,1.888940000
291,4.359869000,10.915563000,2.005854000,17.281286000,3.046425000
292,4.198185000,8.431991000,2.076603000,14.706779000,2.670609000
293,3.199030000,6.894355000,2.607401000,12.700786000,2.082890000
294,5.889473000,8.566157000,2.059772000,16.515402000,2.907510000
295,7.832120000,10.775390000,1.992515000,20.600025000,3.195887000
296,4.060388000,8.623776000,2.016680000,14.700844000,2.471628000
297,4.344783000,10.217215000,1.992375000,16.554373000,2.985943000
298,4.676532000,5.970210000,2.624163000,13.270905000,1.743249000
299,3.594194000,6.651097000,2.075696000,12.320987000,1.877695000
300,3.125906000,8.140960000,2.345704000,13.612570000,2.306801000
301,3.519603000,44.447270000,2.115785000,50.082658000,12.424210000
302,2.648538000,9.235939000,3.379012000,15.263489000,2.593852000
303,5.192732000,8.246631000,2.159297000,15.598660000,2.376084000
304,3.242820000,8.187685000,2.179690000,13.610195000,2.299400000
305,3.725847000,7.248174000,2.866654000,13.840675000,2.012140000
306,3.610328000,5.509324000,2.024013000,11.143665000,1.570740000
307,4.055360000,9.547921000,2.422670000,16.025951000,2.454447000
308,3.053061000,7.522162000,2.301983000,12.877206000,2.120602000
309,4.669338000,9.278752000,2.328802000,16.276892000,2.786266000
310,6.157455000,7.703052000,2.421971000,16.282478000,2.293253000
311,3.771662000,9.640671000,2.508854000,15.921187000,2.951582000
312,3.114102000,9.262269000,2.879364000,15.255735000,2.555508000
313,6.572316000,5.758380000,2.530226000,14.860922000,1.682557000
314,7.286517000,7.730221000,2.439641000,17.456379000,2.047270000
315,7.350981000,9.425769000,2.375177000,19.151927000,2.811899000
316,3.377615000,6.207252000,2.705109000,12.289976000,1.734170000
317,8.287349000,4.679814000,2.046642000,15.013805000,1.277404000
318,6.411190000,7.070496000,2.258402000,15.740088000,1.903606000
319,7.142712000,10.271900000,3.437470000,20.852082000,3.941379000
320,3.720189000,5.526645000,2.129334000,11.376168000,1.768392000
321,2.814063000,6.617014000,2.600556000,12.031633000,2.005574000
322,2.989295000,6.640341000,2.056349000,11.685985000,1.902489000
323,3.030222000,7.327653000,2.114458000,12.472333000,2.168376000
324,3.639172000,39.605074000,1.934057000,45.178303000,11.466681000
325,4.342199000,5.777098000,3.005079000,13.124376000,1.729908000
326,5.509185000,4.492918000,1.904583000,11.906686000,1.331602000
327,7.995061000,6.696074000,2.011092000,16.702227000,1.808831000
328,3.058159000,6.437242000,1.586384000,11.081785000,1.904863000
329,3.727941000,6.053392000,1.781033000,11.562366000,1.663630000
330,3.481959000,7.940026000,1.568854000,12.990839000,2.215447000
331,4.995429000,5.730163000,1.921695000,12.647287000,1.797027000
332,3.217050000,6.475305000,1.633388000,11.325743000,2.068224000
333,3.480981000,40.823532000,1.608734000,45.913247000,11.445870000
334,3.178985000,9.374994000,1.596652000,14.150631000,2.590081000
335,3.101740000,11.030591000,1.687865000,15.820196000,3.634074000
336,4.425800000,6.905879000,1.494054000,12.825733000,2.025690000
337,3.297088000,6.061353000,1.771675000,11.130116000,1.729211000
338,3.905129000,6.945619000,1.703858000,12.554606000,2.280959000
339,3.045518000,8.120846000,1.704208000,12.870572000,2.269856000
340,7.838616000,7.081950000,1.899625000,16.820191000,2.057956000
341,6.595992000,7.964330000,1.772722000,16.333044000,2.435100000
342,6.035023000,7.309075000,1.979943000,15.324041000,2.270623000
343,7.337292000,6.989968000,1.626265000,15.953525000,1.898298000
344,3.038045000,5.833809000,2.645674000,11.517528000,1.584989000
345,5.600607000,9.163932000,2.244014000,17.008553000,2.407165000
346,3.428669000,11.541064000,2.326009000,17.295742000,3.175003000
347,7.679725000,47.522191000,2.070528000,57.272444000,12.809466000
348,2.671795000,8.174205000,1.717618000,12.563618000,2.396129000
349,4.462607000,7.290916000,2.018077000,13.771600000,2.340326000
350,6.643834000,5.696570000,2.515768000,14.856172000,1.700436000
351,5.120166000,7.488778000,2.094064000,14.703008000,2.119974000
352,7.377870000,10.680195000,2.917079000,20.975144000,3.112355000
353,7.146764000,8.391901000,2.069480000,17.608145000,2.441947000
354,4.438581000,6.091315000,2.062845000,12.592741000,1.713845000
355,6.296789000,7.151443000,2.001035000,15.449267000,1.978337000
356,7.484587000,8.774355000,2.117252000,18.376194000,2.384606000
357,7.267799000,5.330879000,2.134362000,14.733040000,1.534004000
358,3.671020000,7.486473000,2.460663000,13.618156000,1.991956000
359,2.950045000,6.399946000,2.539724000,11.889715000,1.900322000
360,2.798558000,47.168582000,2.530436000,52.497576000,12.519479000
361,2.842488000,6.961124000,2.582397000,12.386009000,1.901021000
362,2.649935000,5.447026000,2.616340000,10.713301000,1.515147000
363,3.084979000,5.908610000,2.675497000,11.669086000,1.667054000
364,2.834177000,6.925644000,2.329640000,12.089461000,1.952706000
365,3.051873000,5.816349000,2.049226000,10.917448000,1.894666000
366,3.087004000,5.671287000,1.911637000,10.669928000,1.785713000
367,2.923295000,6.813059000,1.841028000,11.577382000,2.160623000
368,8.507629000,8.600239000,1.941111000,19.048979000,2.613618000
369,5.477895000,8.881213000,1.790532000,16.149640000,2.450536000
370,3.067308000,6.089988000,1.968768000,11.126064000,1.826013000
371,3.544537000,8.774075000,1.718246000,14.036858000,2.444460000
372,7.691738000,8.391272000,2.085055000,18.168065000,2.174173000
373,3.603973000,5.641046000,2.275164000,11.520183000,1.565713000
374,5.050115000,7.883314000,2.023385000,14.956814000,2.160973000
375,7.261793000,8.231335000,2.110128000,17.603256000,2.527082000
376,8.459997000,7.127137000,1.981759000,17.568893000,2.036724000
377,6.909511000,5.461413000,2.170122000,14.541046000,1.554328000
378,6.781281000,5.626588000,1.800240000,14.208109000,1.669636000
379,3.771244000,7.584810000,2.229418000,13.585472000,2.131640000
380,4.453248000,6.970972000,1.543432000,12.967652000,2.229557000
381,3.832215000,5.457222000,1.753586000,11.043023000,1.617394000
382,7.063791000,7.530404000,1.617813000,16.212008000,2.229905000
383,3.951365000,6.562607000,1.756170000,12.270142000,2.015074000
384,5.528950000,6.053321000,1.640163000,13.222434000,1.976312000
385,4.858818000,9.553998000,1.807295000,16.220111000,2.695819000
386,2.900247000,6.666252000,2.004458000,11.570957000,2.076602000
387,8.408524000,6.828285000,1.794094000,17.030903000,2.029390000
388,7.921029000,13.222434000,2.875034000,24.018497000,6.204947000
389,7.478302000,5.486067000,1.842634000,14.807003000,1.714683000
390,4.523229000,6.737211000,1.868266000,13.128706000,2.150426000
391,3.008502000,6.226877000,2.120115000,11.355494000,1.812184000
392,2.743104000,5.770882000,1.763783000,10.277769000,1.805617000
393,2.965898000,8.902096000,2.177664000,14.045658000,2.501730000
394,2.645255000,5.902882000,1.752678000,10.300815000,1.689191000
395,2.857015000,39.920198000,2.278865000,45.056078000,11.347181000
396,2.814552000,4.727376000,1.662582000,9.204510000,1.487350000
397,4.965956000,7.746704000,1.953822000,14.666482000,2.240104000
398,3.236955000,7.964261000,2.133455000,13.334671000,2.497401000
399,3.107188000,7.268008000,1.886146000,12.261342000,2.175920000
400,3.116756000,4.748329000,2.647002000,10.512087000,1.337541000
401,3.684011000,6.781630000,3.203081000,13.668722000,2.070249000
402,7.556734000,9.693262000,1.871688000,19.121684000,2.959194000
403,5.271513000,10.042052000,2.171100000,17.484665000,2.717471000
404,3.089588000,7.019092000,2.116763000,12.225443000,2.068153000
405,2.384326000,7.464892000,2.035886000,11.885104000,2.191914000
406,2.601674000,7.884921000,2.039308000,12.525903000,2.326008000
407,6.952464000,6.018889000,2.108172000,15.079525000,2.054464000
408,5.127359000,6.138668000,2.017099000,13.283126000,1.844801000
409,4.551654000,6.209906000,1.753656000,12.515216000,1.938386000
410,6.704805000,6.616594000,1.905352000,15.226751000,1.952981000
411,2.329710000,5.203697000,1.873364000,9.406771000,1.616837000
412,2.852964000,10.682500000,1.648893000,15.184357000,3.045309000
413,4.471546000,6.927250000,1.436155000,12.834951000,1.978337000
414,2.776977000,6.826400000,1.693592000,11.296969000,2.027086000
415,8.114630000,7.557223000,1.504740000,17.176593000,2.306594000
416,7.321926000,41.340290000,1.661324000,50.323540000,11.988120000
417,3.951086000,8.899091000,1.392225000,14.242402000,2.334598000
418,4.815237000,9.147449000,1.378047000,15.340733000,2.419666000
419,4.174021000,7.786932000,1.760919000,13.721872000,2.270903000
420,3.395634000,7.999740000,1.483996000,12.879370000,2.237657000
421,2.842697000,6.832056000,1.560753000,11.235506000,1.992583000
422,3.482239000,7.881847000,1.441254000,12.805340000,2.200294000
423,3.092312000,40.128256000,1.465768000,44.686336000,11.099180000
424,3.164668000,6.399526000,1.370504000,10.934698000,1.859396000
425,3.270199000,7.530474000,1.764690000,12.565363000,2.511926000
426,2.847936000,4.752869000,1.500060000,9.100865000,1.486790000
427,6.477121000,38.968675000,1.515495000,46.961291000,10.728736000
428,7.267799000,6.695306000,1.259246000,15.222351000,1.833903000
429,7.966496000,8.811371000,1.779637000,18.557504000,2.383208000
430,6.646208000,5.445000000,1.452917000,13.544125000,1.664259000
431,5.883676000,8.610786000,1.717897000,16.212359000,2.436358000
432,7.218910000,5.883676000,2.159576000,15.262162000,1.660417000
433,2.307082000,5.844285000,1.474638000,9.626005000,1.810788000
434,2.706576000,8.108414000,1.425190000,12.240180000,2.551598000
435,2.415267000,6.004083000,1.389850000,9.809200000,1.898018000
436,4.997663000,5.907422000,1.408848000,12.313933000,1.751281000
437,4.182681000,7.322485000,1.485603000,12.990769000,2.128006000
438,3.455908000,6.799021000,1.657065000,11.911994000,2.058795000
439,7.747472000,7.372002000,1.631572000,16.751046000,2.386911000
440,3.036997000,10.373380000,1.799053000,15.209430000,3.914210000
441,3.195747000,39.239241000,2.099651000,44.534639000,11.414018000
442,3.585394000,7.907828000,1.839282000,13.332504000,2.226624000
443,7.609604000,6.487736000,2.028413000,16.125753000,1.917715000
444,7.144388000,8.034731000,1.783198000,16.962317000,2.470862000
445,2.920920000,6.381438000,1.766087000,11.068445000,1.881326000
446,6.902387000,7.370536000,1.766506000,16.039429000,2.217476000
447,7.903009000,5.712494000,1.914431000,15.529934000,1.624519000
448,6.941219000,9.785942000,1.872875000,18.600036000,3.041816000
449,3.985099000,7.896374000,3.085467000,14.966940000,2.222085000
450,4.019461000,6.582652000,2.006483000,12.608596000,1.987344000
451,3.088401000,6.908952000,1.922602000,11.919955000,1.929586000
452,7.383038000,5.863003000,1.841935000,15.087976000,1.868336000
453,2.484689000,4.948355000,2.021429000,9.454473000,1.449005000
454,6.555483000,38.939480000,1.706303000,47.201266000,11.582483000
455,7.039137000,7.653464000,1.636461000,16.329062000,2.012488000
456,3.668994000,8.929194000,2.094833000,14.693021000,2.532388000
457,3.121296000,6.109474000,1.539521000,10.770291000,1.651965000
458,3.251062000,7.789167000,2.530785000,13.571014000,2.283965000
459,3.095176000,9.489604000,2.269367000,14.854147000,2.824399000
460,3.147836000,8.682582000,1.618302000,13.448720000,2.464505000
461,7.271850000,5.061848000,1.401374000,13.735072000,1.499572000
462,3.079112000,6.079582000,1.340821000,10.499515000,1.849199000
463,3.978603000,7.030407000,1.330694000,12.339704000,2.226415000
464,5.046902000,6.415241000,1.679483000,13.141626000,1.933289000
465,2.898361000,6.852310000,1.475197000,11.225868000,1.952565000
466,6.896381000,5.448422000,1.490143000,13.834946000,1.649941000
467,2.888024000,9.489045000,1.752189000,14.129258000,2.830546000
468,4.016318000,6.942615000,1.492098000,12.451031000,2.150637000
469,3.030362000,6.570010000,1.929168000,11.529540000,1.922324000
470,4.791840000,6.678125000,1.788157000,13.258122000,1.833903000
471,3.494739000,7.029080000,1.606220000,12.130039000,1.962622000
472,8.002533000,6.458543000,1.592740000,16.053816000,2.057187000
473,7.442263000,8.568461000,1.504949000,17.515673000,2.454587000
474,6.895822000,11.485330000,1.591204000,19.972356000,3.464287000
475,3.390675000,5.581890000,1.964577000,10.937142000,1.736546000
476,4.659420000,10.122858000,1.687725000,16.470003000,3.075200000
477,8.892387000,8.143684000,2.683110000,19.719181000,2.900527000
478,4.499902000,6.434238000,1.682347000,12.616487000,1.741852000
479,7.808304000,8.245792000,1.737313000,17.791409000,2.614874000
480,5.705300000,8.095423000,1.745135000,15.545858000,2.221664000
481,3.058788000,5.955473000,2.012838000,11.027099000,1.758615000
482,3.549147000,7.455883000,2.355901000,13.360931000,2.073530000
483,3.697350000,42.147729000,1.893898000,47.738977000,11.916183000
484,6.650398000,5.889612000,2.085962000,14.625972000,1.775236000
485,3.163201000,8.193830000,1.951727000,13.308758000,2.141485000
486,4.098522000,9.436314000,2.225506000,15.760342000,2.606774000
487,8.073213000,7.297551000,2.106217000,17.476981000,1.905492000
488,5.227094000,6.882552000,2.101607000,14.211253000,1.653920000
489,8.594931000,8.999454000,2.173754000,19.768139000,2.415894000
490,8.112395000,7.756271000,2.022337000,17.891003000,2.277052000
491,2.675007000,9.008254000,2.201620000,13.884881000,2.347031000
492,2.672773000,7.548982000,2.161112000,12.382867000,1.983364000
493,4.523718000,7.632373000,1.985111000,14.141202000,2.061935000
494,7.715903000,7.483749000,1.958781000,17.158433000,2.017307000
495,3.703846000,6.956584000,2.349545000,13.009975000,1.850387000
496,3.447317000,6.480264000,1.833834000,11.761415000,1.676132000
497,4.060248000,7.783579000,1.925536000,13.769363000,2.814691000
498,8.073912000,7.502397000,1.916317000,17.492626000,2.106986000
499,4.300364000,6.529292000,1.805688000,12.635344000,1.896132000
500,3.177029000,6.530480000,1.634157000,11.341666000,1.926512000
501,3.174586000,6.514696000,1.837815000,11.527097000,1.863238000
502,8.415228000,5.922507000,1.645331000,15.983066000,1.662022000
503,4.720323000,8.075099000,1.624589000,14.420011000,2.330687000
504,4.136236000,9.135436000,1.663560000,14.935232000,2.743734000
505,3.649160000,6.169677000,1.916107000,11.734944000,1.704557000
506,3.393260000,7.472156000,1.685840000,12.551256000,2.020032000
507,8.966140000,6.992273000,1.579540000,17.537953000,1.888101000
508,7.377310000,12.574792000,1.674944000,21.627046000,3.693090000
509,4.370974000,7.343297000,1.641280000,13.355551000,2.105729000
510,7.766888000,10.769104000,1.758823000,20.294815000,3.169555000
511,8.793002000,6.520772000,1.760709000,17.074483000,1.666422000
512,6.330383000,7.947847000,1.614391000,15.892621000,2.351572000
513,4.527140000,9.731116000,1.747719000,16.005975000,2.570525000
514,5.246649000,9.089131000,1.774399000,16.110179000,2.603420000
515,3.288287000,7.166738000,2.198128000,12.653153000,2.017029000
516,3.171861000,8.038991000,2.188071000,13.398923000,2.290529000
517,2.857504000,8.148643000,2.400949000,13.407096000,2.268320000
518,5.303430000,6.616594000,1.668239000,13.588263000,2.126122000
519,5.800983000,11.419470000,2.780609000,20.001062000,3.014438000
520,3.013041000,11.407038000,2.287456000,16.707535000,3.346816000
521,2.857015000,6.627141000,2.127588000,11.611744000,1.972819000
522,2.720195000,7.151722000,2.349057000,12.220974000,1.970166000
523,3.495858000,5.765922000,2.753509000,12.015289000,1.638416000
524,4.135887000,6.078534000,2.067314000,12.281735000,1.716919000
525,3.087423000,5.892405000,2.066616000,11.046444000,1.707629000
526,3.046426000,12.349551000,1.857999000,17.253976000,3.969037000
527,2.807008000,6.118693000,1.980432000,10.906133000,1.730259000
528,2.707903000,6.316974000,1.882444000,10.907321000,1.962204000
529,4.778151000,43.787123000,2.121093000,50.686367000,12.138070000
530,3.997880000,6.591242000,2.611591000,13.200713000,1.733543000
531,3.703566000,7.907269000,2.057677000,13.668512000,2.334251000
532,7.692157000,5.655992000,1.963600000,15.311749000,1.652455000
533,7.876399000,43.092967000,1.620747000,52.590113000,11.924980000
534,5.866284000,6.740633000,1.735986000,14.342903000,1.958922000
535,3.363228000,42.155691000,1.612715000,47.131634000,11.165591000
536,3.103626000,6.927739000,2.299608000,12.330973000,2.037632000
537,5.418111000,7.593191000,1.573184000,14.584486000,2.388656000
538,7.841898000,44.824692000,1.522619000,54.189209000,12.994539000
539,2.846678000,4.681699000,1.545947000,9.074324000,1.313722000
540,7.744818000,11.435743000,1.856254000,21.036815000,3.016465000
541,2.992368000,8.345456000,1.577096000,12.914920000,2.277050000
542,7.699141000,7.160522000,1.533095000,16.392758000,2.050621000
543,5.061010000,7.539483000,1.566969000,14.167462000,2.047131000
544,5.947441000,43.051900000,1.572975000,50.572316000,12.556489000
545,3.229271000,6.445761000,1.914361000,11.589393000,1.865822000
546,3.140921000,5.874386000,1.515705000,10.531012000,1.765806000
547,3.174725000,10.527591000,2.091620000,15.793936000,3.045099000
548,3.515133000,7.091658000,2.025270000,12.632061000,2.009208000
549,4.428803000,8.732868000,1.876297000,15.037968000,2.378950000
550,2.836831000,8.589763000,2.016401000,13.442995000,2.433916000
551,3.024495000,10.235932000,1.612924000,14.873351000,2.983009000
552,2.644626000,7.427806000,2.339069000,12.411501000,2.361419000
553,4.649852000,6.241614000,1.637578000,12.529044000,1.917502000
554,3.751339000,6.541724000,2.000755000,12.293818000,1.786901000
555,3.488105000,7.047238000,1.613274000,12.148617000,2.041685000
556,4.396815000,6.229951000,1.506974000,12.133740000,1.891732000
557,3.037905000,8.641096000,1.828386000,13.507387000,2.998305000
558,3.635261000,8.171829000,1.733332000,13.540422000,2.649166000
559,2.772367000,6.968248000,2.036654000,11.777269000,1.938597000
560,3.548448000,6.903713000,1.850386000,12.302547000,2.001873000
561,3.294853000,5.874247000,1.794792000,10.963892000,1.810226000
562,3.574429000,9.560842000,2.398224000,15.533495000,2.715237000
563,6.020356000,7.408390000,1.598956000,15.027702000,2.143302000
564,4.276409000,6.847003000,2.131849000,13.255261000,1.668936000
565,3.587071000,7.842875000,2.082540000,13.512486000,2.241500000
566,3.569400000,7.592563000,2.795275000,13.957238000,1.980221000
567,7.577197000,9.266459000,1.736684000,18.580340000,2.493839000
568,8.756894000,6.866418000,2.197779000,17.821091000,1.967232000
569,3.734017000,6.274509000,2.017588000,12.026114000,1.778030000
570,3.545305000,11.054686000,1.879720000,16.479711000,3.484055000
571,3.449622000,7.032432000,1.695966000,12.178020000,1.905981000
572,7.178121000,8.724557000,1.853669000,17.756347000,2.308130000
573,7.831352000,9.460758000,1.901021000,19.193131000,2.536651000
574,6.921803000,7.739859000,1.849479000,16.511141000,2.277678000
575,3.165226000,7.458676000,2.378250000,13.002152000,2.150707000
576,7.830095000,7.102274000,2.090292000,17.022661000,1.959619000
577,5.178902000,6.060724000,1.675293000,12.914919000,1.684161000
578,7.647319000,7.883243000,1.695338000,17.225900000,2.147073000
579,6.160318000,10.225036000,1.738430000,18.123784000,3.008781000
580,4.745675000,7.942679000,1.900952000,14.589306000,2.250089000
581,3.552499000,6.768430000,2.083378000,12.404307000,1.705953000
582,3.222427000,6.891701000,1.872107000,11.986235000,1.625708000
583,4.665776000,6.118134000,1.773770000,12.557680000,1.662303000
584,5.492003000,9.048063000,2.388238000,16.928304000,2.393964000
585,3.245335000,9.154642000,2.168934000,14.568911000,2.486296000
586,3.639731000,9.032768000,1.909682000,14.582181000,3.614937000
587,3.151885000,5.711721000,1.802683000,10.666289000,1.627730000
588,8.999727000,7.544227000,1.811693000,18.355647000,2.299255000
589,6.728825000,6.483681000,1.858697000,15.071203000,1.913939000
590,3.125113000,6.078626000,5.977426000,15.181165000,1.825577000
591,3.535150000,8.696202000,3.046891000,15.278243000,2.444162000
592,8.234064000,6.716625000,2.039083000,16.989772000,1.998295000
593,2.594320000,5.716988000,2.004092000,10.315400000,1.703775000
594,8.793631000,6.194213000,2.056682000,17.044526000,1.791148000
595,4.063638000,6.317762000,2.073934000,12.455334000,1.833681000
596,4.200248000,5.415065000,2.121006000,11.736319000,1.593706000
597,5.262112000,6.704403000,2.012752000,13.979267000,1.835846000
598,4.917447000,6.283470000,2.311743000,13.512660000,1.559693000
599,5.322945000,4.517815000,2.307692000,12.148452000,1.298557000
600,5.380004000,5.970651000,2.293794000,13.644449000,1.759787000
601,2.817881000,7.523709000,2.249514000,12.591104000,2.124500000
602,5.085554000,6.025756000,2.359234000,13.470544000,1.804417000
603,4.815479000,5.684792000,2.229469000,12.729740000,1.629393000
604,3.564973000,5.762525000,2.286111000,11.613609000,1.850649000
605,3.261513000,9.711973000,2.934656000,15.908142000,2.984246000
606,3.129443000,8.256692000,2.228352000,13.614487000,2.426769000
607,6.808885000,32.319628000,2.390314000,41.518827000,10.411018000
608,6.139876000,31.233388000,2.068206000,39.441470000,9.187464000
609,6.695602000,7.769201000,1.955553000,16.420356000,2.179744000
610,4.057004000,7.365799000,1.941934000,13.364737000,2.335352000
611,2.472586000,6.297857000,1.734156000,10.504599000,1.980696000
612,3.583760000,5.375256000,1.728429000,10.687445000,1.907851000
613,6.957368000,5.528208000,1.839686000,14.325262000,1.846673000
614,9.344049000,9.592824000,1.938301000,20.875174000,3.110447000
615,3.649061000,5.683605000,1.769775000,11.102441000,1.754549000
616,2.831989000,28.296917000,1.518557000,32.647463000,9.020545000
617,2.972231000,7.178973000,1.494461000,11.645665000,2.510792000
618,5.283833000,5.944321000,1.300373000,12.528527000,1.865877000
619,3.095570000,27.645299000,1.369167000,32.110036000,9.191512000
620,3.589557000,28.559240000,1.300163000,33.448960000,9.471164000
621,5.538614000,4.270578000,1.177033000,10.986225000,1.392076000
622,4.010699000,7.314815000,1.216214000,12.541728000,2.535583000
623,7.026649000,5.122849000,1.265592000,13.415090000,2.080989000
624,7.497170000,8.197887000,1.089453000,16.784510000,2.876336000
625,6.520511000,6.256511000,1.163135000,13.940157000,2.250213000
626,3.565251000,32.251882000,1.154125000,36.971258000,11.507936000
627,3.641030000,10.519826000,1.228017000,15.388873000,3.789233000
628,7.494865000,9.655401000,1.227878000,18.378144000,3.921231000
629,7.516725000,9.844252000,0.959897000,18.320874000,3.878280000
630,4.048552000,10.763083000,1.550614000,16.362249000,3.692224000
631,4.312622000,39.439517000,1.059281000,44.811420000,13.520552000
632,5.502996000,7.809430000,1.178640000,14.491066000,2.810898000
633,7.960427000,52.155149000,1.236398000,61.351974000,18.533126000
634,3.944769000,10.515286000,1.309242000,15.769297000,3.773727000
635,5.295288000,15.579469000,2.265368000,23.140125000,6.034765000
636,6.040283000,54.375400000,1.312385000,61.728068000,19.107356000
637,3.769817000,9.948106000,1.377338000,15.095261000,3.829183000
638,6.044543000,53.857877000,1.422245000,61.324665000,19.876868000
639,9.588494000,10.270423000,1.497185000,21.356102000,4.323238000
640,9.828748000,15.709793000,1.653141000,27.191682000,6.039376000
641,6.670530000,11.758948000,1.621223000,20.050701000,4.180622000
642,8.058624000,62.279535000,1.725705000,72.063864000,21.432371000
643,15.270422000,14.347122000,1.615147000,31.232691000,5.572697000
644,5.789903000,13.050451000,2.143495000,20.983849000,5.408220000
645,12.844699000,73.316954000,2.018061000,88.179714000,27.406031000
646,6.165299000,17.836108000,2.575462000,26.576869000,6.709012000
647,9.338742000,78.987358000,2.271305000,90.597405000,29.045131000
648,9.403764000,22.520285000,2.343310000,34.267359000,8.450014000
649,10.657552000,16.394446000,2.391990000,29.443988000,6.776341000
650,11.411209000,23.022094000,2.589571000,37.022874000,9.180274000
651,10.757007000,98.730131000,2.481038000,111.968176000,36.751963000
652,7.947087000,31.601802000,2.546409000,42.095298000,13.182174000
653,12.979003000,24.209603000,2.892123000,40.080729000,9.960327000
654,18.223796000,30.455289000,3.834420000,52.513505000,12.307762000
655,10.342988000,36.978315000,3.229247000,50.550550000,15.431407000
656,8.796426000,24.947266000,3.445963000,37.189655000,10.684231000
657,7.098447000,34.661055000,2.889958000,44.649460000,14.635708000
658,7.969296000,20.042879000,2.975234000,30.987409000,8.647314000
659,12.228141000,38.607430000,3.324370000,54.159941000,17.597738000
660,10.345643000,26.949263000,2.959659000,40.254565000,12.367615000
661,7.180440000,34.143253000,3.006453000,44.330146000,16.036231000
662,10.676201000,49.102672000,3.159964000,62.938837000,23.206405000
663,7.886744000,46.513870000,2.978586000,57.379200000,22.297702000
664,11.254276000,34.403830000,3.240910000,48.899016000,17.772831000
665,10.389363000,132.922623000,2.918802000,146.230788000,64.421145000
666,9.007276000,132.210593000,3.445195000,144.663064000,63.579771000
667,11.485729000,28.756124000,3.062466000,43.304319000,15.291234000
668,9.275396000,39.574870000,3.464262000,52.314528000,20.495940000
669,8.463633000,146.182250000,3.074758000,157.720641000,74.530304000
670,9.291320000,35.094769000,3.129164000,47.515253000,17.749716000
671,9.369473000,149.161814000,3.139919000,161.671206000,75.602436000
672,10.673128000,32.610030000,4.380019000,47.663177000,17.300845000
673,9.676145000,26.727588000,3.819754000,40.223487000,15.250798000
674,11.159362000,46.012481000,3.425360000,60.597203000,24.368003000
675,12.008351000,154.352271000,3.221004000,169.581626000,78.061546000
676,11.350727000,27.986963000,3.407062000,42.744752000,14.773851000
677,10.441743000,43.477106000,3.224358000,57.143207000,22.983403000
678,11.307146000,170.216973000,3.484795000,185.008914000,91.484250000
679,10.906606000,156.610656000,3.234065000,170.751327000,82.496392000
680,17.807893000,45.889212000,3.113659000,66.810764000,26.110539000
681,11.405762000,40.652171000,3.515246000,55.573179000,22.389824000
682,13.097175000,32.077422000,3.571957000,48.746554000,17.624349000
683,11.986281000,38.888751000,3.459443000,54.334475000,21.011091000
684,10.873293000,33.606454000,3.588439000,48.068186000,18.901884000
685,9.274070000,50.964500000,3.595842000,63.834412000,29.086684000
686,8.785111000,32.066456000,4.477378000,45.328945000,17.904833000
687,8.724280000,44.627740000,3.920674000,57.272694000,24.373169000
688,10.980359000,68.252006000,3.452249000,82.684614000,35.640649000
689,17.572738000,37.367262000,3.341621000,58.281621000,20.350041000
690,12.093349000,84.266657000,3.965162000,100.325168000,46.786739000
691,11.069337000,186.204947000,3.905309000,201.179593000,101.432149000
692,11.553476000,48.751233000,3.726935000,64.031644000,27.357696000
693,9.508666000,185.487888000,3.866198000,198.862752000,102.121412000
694,15.833622000,43.475013000,3.512033000,62.820668000,23.803758000
695,10.863096000,68.464952000,4.284966000,83.613014000,42.152570000
696,12.694401000,213.815397000,4.185302000,230.695100000,126.606962000
697,11.821037000,63.158561000,3.863405000,78.843003000,35.805962000
698,10.029611000,49.603297000,4.124261000,63.757169000,28.722668000
699,10.782848000,203.423452000,3.810953000,218.017253000,114.973795000
700,14.070901000,78.132997000,4.057562000,96.261460000,44.272179000
701,15.708816000,45.714051000,4.716724000,66.139591000,25.921481000
702,13.688032000,228.416046000,4.251232000,246.355310000,130.949686000
703,10.672569000,54.217075000,4.346636000,69.236280000,31.049638000
704,10.553210000,87.948266000,4.255003000,102.756479000,50.302548000
705,10.601472000,88.129015000,4.316813000,103.047300000,52.467417000
706,12.332206000,236.705358000,4.229582000,253.267146000,132.816751000
707,14.803116000,80.090716000,5.846196000,100.740028000,45.396485000
708,13.239862000,106.545226000,4.529759000,124.314847000,61.500390000
709,12.864674000,63.941620000,4.375130000,81.181424000,37.542706000
710,12.800071000,89.531147000,4.565517000,106.896735000,53.255641000
711,12.972929000,73.739080000,4.782025000,91.494034000,43.585571000
712,13.199283000,246.265499000,4.616990000,264.081772000,146.031475000
713,14.170705000,49.743329000,4.755345000,68.669379000,30.727115000
714,13.333239000,56.183872000,4.643041000,74.160152000,35.095190000
715,11.083446000,54.835100000,5.063066000,70.981612000,34.093598000
716,13.526699000,83.118471000,4.857035000,101.502205000,50.026607000
717,14.672373000,265.315588000,5.150088000,285.138049000,161.008562000
718,14.648138000,47.484875000,6.020170000,68.153183000,29.206949000
719,19.105751000,73.937918000,6.006900000,99.050569000,44.482402000
720,19.596316000,75.776139000,5.290539000,100.662994000,46.183665000
721,15.879019000,52.541796000,5.459066000,73.879881000,32.240712000
722,12.762008000,310.082736000,6.363229000,329.207973000,191.389195000
723,14.645764000,130.017519000,7.227514000,151.890797000,82.890439000
724,17.900433000,137.225408000,5.201561000,160.327402000,87.558484000
725,11.662150000,301.998972000,5.189478000,318.850600000,184.491333000
726,19.969687000,60.694217000,5.098894000,85.762798000,38.703957000
727,15.965693000,66.151607000,5.440418000,87.557718000,40.650708000
728,18.292731000,77.575319000,5.056501000,100.924551000,47.937657000
729,16.477419000,103.226725000,5.514380000,125.218524000,66.016391000
730,16.162924000,67.338347000,5.607408000,89.108679000,41.709570000
731,18.321156000,68.194601000,6.344163000,92.859920000,42.799580000
732,16.763349000,119.099110000,5.878392000,141.740851000,74.662800000
733,17.006536000,334.243809000,5.435459000,356.685804000,209.564251000
734,16.649298000,328.449994000,5.584221000,350.683513000,206.521268000
735,15.263719000,63.522925000,5.849268000,84.635912000,40.074308000
736,17.363704000,332.743552000,5.695478000,355.802734000,209.971210000
737,17.471818000,130.834595000,5.636532000,153.942945000,82.586772000
738,16.536644000,101.296387000,6.100627000,123.933658000,64.454469000
739,14.173779000,356.757885000,6.624366000,377.556030000,227.881845000
740,19.169796000,92.225903000,5.897878000,117.293577000,59.926524000
741,18.865569000,99.512853000,6.254347000,124.632769000,64.505033000
742,17.638599000,75.484904000,6.646436000,99.769939000,49.094158000
743,16.360156000,90.303736000,5.715034000,112.378926000,58.521810000
744,13.101297000,87.527549000,5.709097000,106.337943000,57.851823000
745,15.532399000,105.142960000,5.772583000,126.447942000,72.440316000
746,14.334343000,78.938551000,5.883490000,99.156384000,54.053861000
747,27.546268000,118.661489000,6.136944000,152.344701000,81.744420000
748,16.238981000,63.770653000,5.706094000,85.715728000,43.738387000
749,13.888756000,81.225011000,5.905980000,101.019747000,52.867049000
750,16.343115000,112.144470000,6.036793000,134.524378000,75.998239000
751,17.190288000,109.966752000,6.150284000,133.307324000,75.177255000
752,18.200332000,82.023017000,6.359109000,106.582458000,54.683546000
753,17.465044000,83.546113000,5.597701000,106.608858000,57.450095000
754,17.182746000,139.024943000,5.762735000,161.970424000,95.078567000
755,13.141666000,100.134022000,5.798494000,119.074182000,69.582975000
756,13.183850000,380.727945000,5.736615000,399.648410000,264.329095000
757,18.225824000,112.544661000,5.612856000,136.383341000,77.951906000
758,15.748487000,67.513233000,6.121510000,89.383230000,47.203209000
759,23.070288000,130.993488000,5.926024000,159.989800000,91.166624000
760,14.734394000,194.246969000,5.845986000,214.827349000,134.783282000
761,18.705214000,96.216911000,5.972608000,120.894733000,65.841794000
762,15.542177000,85.207078000,6.469109000,107.218364000,63.162545000
763,16.930340000,97.151387000,6.301211000,120.382938000,68.380313000
764,13.124694000,85.857579000,6.264544000,105.246817000,62.288625000
765,13.543671000,129.765682000,6.690995000,150.000348000,91.155805000
766,12.775349000,94.434914000,6.113199000,113.323462000,66.663196000
767,17.651101000,70.742761000,6.969661000,95.363523000,51.080373000
768,19.020477000,182.218783000,6.203014000,207.442274000,129.157713000
769,16.113967000,86.376988000,6.140995000,108.631950000,61.090499000
770,17.492003000,78.730218000,5.602450000,101.824671000,55.678089000
771,15.768113000,97.234360000,6.128074000,119.130547000,69.294394000
772,16.833681000,65.588342000,6.290176000,88.712199000,45.558728000
773,17.903228000,77.288347000,6.325446000,101.517021000,53.600313000
774,21.194703000,419.031024000,6.371192000,446.596919000,296.163973000
775,14.170356000,96.153078000,6.303097000,116.626531000,67.090976000
776,15.361498000,87.371807000,6.337389000,109.070694000,60.594420000
777,15.811415000,90.070471000,5.797446000,111.679332000,63.852511000
778,17.421813000,433.122465000,6.574150000,457.118428000,308.891414000
779,16.050062000,103.783298000,6.713414000,126.546774000,72.618697000
780,17.311394000,80.980990000,6.524912000,104.817296000,56.643433000
781,16.637846000,100.991048000,6.746938000,124.375832000,73.222684000
782,17.751114000,93.679027000,6.289966000,117.720107000,66.873983000
783,15.361009000,98.766398000,6.249668000,120.377075000,70.646594000
784,15.687936000,82.973001000,6.247783000,104.908720000,59.516072000
785,17.345268000,96.144140000,6.367910000,119.857318000,68.834703000
786,16.592658000,97.726811000,6.084634000,120.404103000,70.326160000
787,16.291224000,458.394643000,6.884804000,481.570671000,333.822071000
788,24.093113000,115.444054000,7.007865000,146.545032000,82.975097000
789,16.930970000,98.819059000,6.600690000,122.350719000,71.660474000
790,16.165860000,90.727399000,6.699864000,113.593123000,63.919907000
791,16.000615000,93.097808000,7.122404000,116.220827000,66.685618000
792,17.022461000,451.148206000,7.144265000,475.314932000,327.035188000
793,16.552920000,87.190363000,7.362308000,111.105591000,62.883604000
794,18.260676000,448.717456000,6.760138000,473.738270000,324.353290000
795,15.524787000,73.465313000,6.481820000,95.471920000,53.066728000
796,15.771117000,164.338122000,6.716697000,186.825936000,119.667702000
797,16.474488000,109.349366000,6.450112000,132.273966000,78.578036000
798,16.224457000,48.856214000,6.732900000,71.813571000,35.521225000
799,16.072342000,76.015076000,6.439078000,98.526496000,54.732512000
800,16.470228000,104.095982000,6.856379000,127.422589000,74.471237000
801,15.930076000,468.732269000,6.574639000,491.236984000,344.155150000
802,16.037491000,466.686555000,7.690702000,490.414748000,339.847350000
803,17.448773000,111.126546000,11.150704000,139.726023000,80.600150000
804,16.497675000,91.203300000,6.696932000,114.397907000,66.429864000
805,16.687783000,108.714860000,7.698524000,133.101167000,79.639623000
806,16.302190000,88.895677000,7.201674000,112.399541000,65.162733000
807,15.411994000,124.839305000,7.103826000,147.355125000,92.866850000
808,21.855193000,66.774879000,7.154252000,95.784324000,48.571262000
809,16.267619000,118.910137000,7.273191000,142.450947000,86.116069000
810,14.895379000,113.690207000,6.949547000,135.535133000,82.848967000
811,16.703428000,66.619553000,8.367951000,91.690932000,48.056462000
812,14.978979000,58.589073000,7.116188000,80.684240000,42.361823000
813,16.847440000,67.531399000,7.313769000,91.692608000,48.906222000
814,15.193251000,93.113108000,7.554791000,115.861150000,66.815804000
815,15.036598000,117.139035000,7.263903000,139.439536000,85.204712000
816,14.650377000,67.923767000,7.209147000,89.783291000,49.563217000
817,16.468273000,123.657803000,6.748754000,146.874830000,91.793317000
818,14.656662000,84.053589000,6.653700000,105.363951000,60.873649000
819,15.000979000,455.107316000,6.244291000,476.352586000,335.129369000
820,14.410053000,474.117602000,10.119708000,498.647363000,348.535605000
821,20.495595000,77.799312000,6.928735000,105.223642000,57.099988000
822,15.406477000,85.976668000,7.326620000,108.709765000,63.283939000
823,17.057243000,70.386997000,7.525946000,94.970186000,52.164453000
824,15.815886000,67.478391000,7.501851000,90.796128000,49.701016000
825,16.873631000,77.215230000,7.441648000,101.530509000,56.212378000
826,16.687155000,78.476702000,8.328562000,103.492419000,57.007522000
827,15.804223000,112.705170000,7.198322000,135.707715000,84.298384000
828,15.153932000,456.559254000,7.591947000,479.305133000,332.887127000
829,15.366808000,77.924468000,8.127908000,101.419184000,56.750645000
830,15.359334000,114.361384000,7.427959000,137.148677000,83.698658000
831,15.131931000,123.776256000,8.031528000,146.939715000,90.421081000
832,15.693316000,59.210313000,8.375565000,83.279194000,43.299302000
833,25.897183000,458.700170000,8.178124000,492.775477000,334.276764000
834,14.995672000,104.202426000,8.187273000,127.385371000,76.244719000
